asn,subnet
AS45090,129.204.130.0/24
AS45090,134.175.250.0/24
AS45090,139.186.169.0/24
AS45090,43.143.73.0/24
AS45090,101.35.123.0/24
AS45090,1.12.255.0/24
AS45090,139.199.17.0/24
AS45090,49.232.233.0/24
AS45090,115.159.29.0/24
AS45090,114.117.179.0/24
AS45090,114.117.234.0/24
AS45090,43.138.207.0/24
AS45090,49.232.147.0/24
AS45090,124.222.51.0/24
AS45090,150.158.32.0/24
AS45090,43.136.110.0/24
AS45090,49.232.26.0/24
AS45090,43.139.66.0/24
AS45090,119.29.37.0/24
AS45090,49.232.232.0/24
AS45090,43.140.251.0/24
AS45090,120.53.45.0/24
AS45090,106.53.161.0/24
AS45090,175.27.240.0/24
AS45090,101.42.38.0/24
AS45090,119.45.22.0/24
AS45090,1.15.33.0/24
AS45090,124.222.12.0/24
AS4837,123.138.191.0/24
AS4837,123.132.147.0/24
AS4837,220.200.76.0/24
AS4837,124.152.76.0/24
AS4837,121.22.99.0/24
AS4837,221.197.222.0/24
AS4837,221.203.240.0/24
AS4837,110.53.68.0/24
AS4837,116.176.75.0/24
AS4837,116.176.61.0/24
AS4837,119.51.241.0/24
AS4837,221.2.40.0/24
AS4837,111.161.98.0/24
AS4837,39.64.240.0/24
AS4837,42.51.41.0/24
AS4837,123.234.3.0/24
AS4837,124.163.203.0/24
AS4837,221.10.187.0/24
AS4837,124.152.53.0/24
AS4837,60.217.64.0/24
AS4837,36.249.98.0/24
AS4837,153.99.92.0/24
AS4837,153.3.55.0/24
AS4837,113.239.5.0/24
AS4837,116.114.84.0/24
AS4837,1.30.199.0/24
AS4837,125.39.93.0/24
AS4837,116.176.76.0/24
AS4837,58.20.236.0/24
AS4837,220.202.11.0/24
AS4837,116.176.57.0/24
AS4837,60.29.128.0/24
AS4837,116.114.85.0/24
AS4837,42.51.42.0/24
AS4837,180.95.152.0/24
AS4837,125.46.38.0/24
AS4837,121.29.4.0/24
AS4837,221.207.55.0/24
AS4837,222.139.245.0/24
AS4837,58.19.38.0/24
AS4837,39.77.134.0/24
AS4837,27.204.136.0/24
AS4837,60.211.244.0/24
AS4837,221.202.158.0/24
AS4837,221.199.172.0/24
AS4837,221.2.170.0/24
AS4837,112.132.249.0/24
AS4837,125.39.148.0/24
AS4837,42.4.62.0/24
AS4837,116.140.211.0/24
AS4837,116.140.210.0/24
AS4837,116.177.172.0/24
AS4837,58.22.255.0/24
AS4837,183.92.116.0/24
AS4837,121.28.170.0/24
AS4837,123.156.230.0/24
AS4837,124.167.20.0/24
AS4837,218.60.77.0/24
AS4837,153.37.227.0/24
AS4837,180.129.130.0/24
AS4837,58.17.6.0/24
AS4837,182.91.14.0/24
AS4837,153.99.94.0/24
AS4837,58.245.210.0/24
AS4837,61.156.217.0/24
AS4837,116.147.40.0/24
AS4837,61.189.61.0/24
AS4837,116.171.27.0/24
AS4837,124.163.255.0/24
AS4837,116.176.62.0/24
AS4837,123.10.66.0/24
AS4837,58.23.76.0/24
AS4837,119.36.193.0/24
AS4837,122.189.240.0/24
AS4837,36.249.60.0/24
AS4837,221.8.22.0/24
AS4837,139.170.141.0/24
AS4837,139.210.170.0/24
AS4837,116.255.208.0/24
AS4837,123.139.118.0/24
AS4837,101.75.224.0/24
AS4837,119.51.253.0/24
AS4837,123.13.91.0/24
AS4837,116.169.217.0/24
AS4837,182.90.248.0/24
AS4837,113.237.186.0/24
AS4837,218.27.205.0/24
AS4837,60.12.106.0/24
AS4837,218.58.73.0/24
AS4837,220.196.191.0/24
AS4837,111.161.65.0/24
AS4837,123.13.88.0/24
AS4837,123.129.245.0/24
AS4837,221.2.140.0/24
AS4837,36.33.167.0/24
AS4837,58.240.17.0/24
AS4837,116.178.155.0/24
AS4837,175.42.62.0/24
AS4837,121.18.49.0/24
AS4837,124.88.174.0/24
AS4837,218.27.67.0/24
AS4837,202.111.183.0/24
AS4837,43.248.109.0/24
AS4837,113.200.216.0/24
AS4837,122.140.179.0/24
AS4837,112.86.146.0/24
AS4837,116.177.173.0/24
AS4837,61.179.73.0/24
AS4837,116.113.254.0/24
AS4837,61.168.104.0/24
AS4837,153.37.177.0/24
AS4837,119.62.156.0/24
AS4837,220.203.28.0/24
AS4837,119.51.237.0/24
AS4837,116.172.247.0/24
AS4837,27.223.98.0/24
AS4837,60.10.50.0/24
AS4837,218.29.239.0/24
AS4837,218.29.231.0/24
AS4837,218.62.114.0/24
AS4837,115.49.132.0/24
AS4837,123.139.116.0/24
AS4837,218.25.89.0/24
AS4837,123.157.223.0/24
AS4837,113.237.229.0/24
AS4837,116.176.58.0/24
AS4837,60.8.73.0/24
AS4837,116.114.94.0/24
AS4837,221.202.188.0/24
AS4837,112.254.142.0/24
AS4837,113.231.10.0/24
AS4837,122.192.42.0/24
AS4837,221.2.171.0/24
AS4837,60.223.251.0/24
AS4837,42.4.60.0/24
AS4837,58.18.80.0/24
AS4837,218.29.196.0/24
AS4837,1.30.20.0/24
AS4837,27.218.239.0/24
AS4837,119.6.55.0/24
AS4837,124.152.90.0/24
AS4837,218.28.18.0/24
AS4837,220.205.123.0/24
AS4837,101.205.122.0/24
AS4837,115.56.238.0/24
AS4837,116.113.241.0/24
AS4837,101.206.107.0/24
AS4837,221.2.168.0/24
AS4837,61.161.62.0/24
AS4837,60.223.245.0/24
AS4837,58.17.128.0/24
AS18403,42.112.42.0/24
AS18403,210.245.52.0/24
AS18403,183.81.33.0/24
AS18403,42.117.118.0/24
AS18403,1.55.33.0/24
AS18403,210.245.95.0/24
AS18403,58.186.20.0/24
AS18403,42.112.110.0/24
AS18403,183.81.105.0/24
AS18403,118.71.20.0/24
AS18403,118.70.80.0/24
AS31898,101.100.194.0/24
AS31898,161.118.204.0/24
AS31898,43.245.97.0/24
AS137718,115.190.113.0/24
AS137718,14.103.198.0/24
AS137718,118.145.235.0/24
AS137718,14.103.119.0/24
AS137718,14.103.84.0/24
AS137718,14.103.105.0/24
AS137718,101.126.22.0/24
AS137718,14.103.74.0/24
AS137718,115.190.127.0/24
AS137718,115.190.235.0/24
AS137718,14.103.117.0/24
AS137718,115.191.65.0/24
AS137718,101.126.64.0/24
AS137718,118.196.30.0/24
AS137718,118.145.243.0/24
AS137718,118.196.117.0/24
AS137718,115.190.26.0/24
AS137718,115.190.159.0/24
AS137718,14.103.108.0/24
AS137718,115.190.148.0/24
AS137718,101.126.23.0/24
AS137718,115.190.220.0/24
AS137718,101.126.146.0/24
AS137718,101.96.195.0/24
AS137718,118.145.106.0/24
AS137718,14.103.111.0/24
AS137718,14.103.127.0/24
AS137718,101.96.199.0/24
AS137718,14.103.243.0/24
AS137718,115.191.66.0/24
AS137718,118.196.26.0/24
AS137718,115.190.14.0/24
AS137718,14.103.11.0/24
AS137718,14.103.121.0/24
AS137718,14.103.149.0/24
AS137718,101.126.142.0/24
AS137718,115.190.165.0/24
AS137718,14.103.112.0/24
AS137718,101.126.143.0/24
AS137718,115.190.86.0/24
AS137718,14.103.120.0/24
AS137718,115.190.238.0/24
AS137718,101.126.67.0/24
AS137718,14.103.183.0/24
AS137718,118.196.120.0/24
AS137718,14.103.122.0/24
AS137718,14.103.114.0/24
AS137718,115.190.87.0/24
AS137718,101.126.55.0/24
AS137718,118.196.20.0/24
AS137718,101.126.54.0/24
AS137718,14.103.123.0/24
AS137718,118.145.233.0/24
AS137718,14.103.156.0/24
AS137718,14.103.115.0/24
AS137718,101.126.4.0/24
AS137718,115.190.53.0/24
AS137718,14.103.124.0/24
AS137718,14.103.107.0/24
AS137718,14.103.64.0/24
AS137718,14.103.200.0/24
AS137718,115.190.74.0/24
AS137718,115.190.188.0/24
AS137718,118.196.24.0/24
AS137718,115.190.72.0/24
AS137718,101.126.85.0/24
AS137718,14.103.247.0/24
AS137718,14.103.118.0/24
AS137718,14.103.109.0/24
AS137718,14.103.150.0/24
AS137718,101.126.141.0/24
AS137718,14.103.67.0/24
AS137718,14.103.46.0/24
AS137718,115.190.21.0/24
AS137718,115.191.22.0/24
AS137718,14.103.104.0/24
AS137718,180.184.36.0/24
AS137718,14.103.113.0/24
AS137718,14.103.142.0/24
AS137718,14.103.110.0/24
AS137718,118.196.64.0/24
AS137718,115.191.64.0/24
AS137718,118.145.164.0/24
AS137718,101.96.230.0/24
AS137718,118.145.114.0/24
AS137718,180.184.176.0/24
AS137718,115.190.215.0/24
AS137718,115.190.50.0/24
AS137718,115.190.92.0/24
AS137718,14.103.178.0/24
AS137718,115.190.160.0/24
AS137718,118.196.40.0/24
AS137718,115.190.199.0/24
AS137718,115.190.13.0/24
AS4657,101.127.101.0/24
AS37963,39.104.14.0/24
AS37963,47.98.244.0/24
AS37963,39.106.113.0/24
AS37963,47.120.16.0/24
AS37963,114.55.119.0/24
AS37963,39.104.72.0/24
AS37963,119.23.55.0/24
AS37963,8.152.218.0/24
AS37963,101.200.89.0/24
AS37963,101.132.78.0/24
AS37963,47.96.65.0/24
AS37963,101.201.233.0/24
AS37963,120.76.240.0/24
AS37963,101.37.26.0/24
AS37963,121.41.237.0/24
AS37963,39.105.221.0/24
AS37963,121.196.27.0/24
AS37963,47.111.188.0/24
AS37963,47.103.212.0/24
AS37963,121.196.232.0/24
AS37963,120.55.127.0/24
AS37963,120.77.157.0/24
AS37963,47.114.101.0/24
AS37963,120.79.96.0/24
AS37963,8.130.16.0/24
AS37963,39.101.142.0/24
AS37963,39.104.94.0/24
AS37963,39.96.18.0/24
AS37963,47.116.208.0/24
AS37963,121.196.157.0/24
AS37963,182.92.141.0/24
AS37963,47.105.66.0/24
AS37963,112.124.1.0/24
AS37963,60.205.146.0/24
AS37963,112.124.105.0/24
AS37963,114.215.169.0/24
AS37963,39.96.22.0/24
AS37963,47.93.186.0/24
AS37963,121.199.34.0/24
AS37963,47.115.209.0/24
AS37963,118.178.18.0/24
AS37963,39.103.62.0/24
AS37963,112.124.106.0/24
AS37963,47.116.75.0/24
AS37963,8.138.14.0/24
AS37963,39.105.26.0/24
AS37963,8.138.207.0/24
AS37963,120.76.156.0/24
AS37963,112.126.62.0/24
AS37963,59.110.9.0/24
AS37963,120.79.11.0/24
AS1221,120.157.212.0/24
AS1221,203.45.200.0/24
AS1221,120.157.135.0/24
AS1221,120.157.61.0/24
AS1221,101.168.37.0/24
AS1221,120.157.75.0/24
AS1221,123.209.107.0/24
AS1221,123.209.75.0/24
AS1221,120.157.201.0/24
AS132203,101.32.128.0/24
AS132203,43.133.220.0/24
AS132203,43.156.245.0/24
AS132203,43.130.90.0/24
AS132203,43.128.122.0/24
AS132203,43.135.124.0/24
AS132203,124.156.202.0/24
AS132203,43.134.6.0/24
AS132203,43.155.40.0/24
AS132203,43.154.195.0/24
AS132203,43.163.113.0/24
AS132203,43.157.209.0/24
AS132203,43.156.203.0/24
AS132203,43.153.102.0/24
AS132203,43.162.97.0/24
AS132203,43.157.247.0/24
AS132203,43.160.246.0/24
AS132203,43.153.210.0/24
AS132203,129.226.203.0/24
AS132203,43.159.35.0/24
AS132203,43.160.233.0/24
AS132203,124.156.129.0/24
AS132203,43.164.0.0/24
AS132203,43.164.135.0/24
AS132203,43.159.169.0/24
AS132203,43.133.148.0/24
AS132203,43.158.91.0/24
AS132203,43.133.166.0/24
AS132203,43.157.202.0/24
AS132203,43.128.106.0/24
AS132203,170.106.154.0/24
AS132203,43.153.220.0/24
AS132203,43.166.175.0/24
AS132203,43.153.12.0/24
AS132203,43.133.42.0/24
AS132203,43.134.124.0/24
AS132203,43.128.149.0/24
AS132203,43.160.200.0/24
AS132203,43.135.71.0/24
AS132203,43.160.255.0/24
AS132203,43.162.95.0/24
AS132203,43.132.227.0/24
AS132203,43.153.103.0/24
AS132203,43.134.31.0/24
AS132203,170.106.171.0/24
AS132203,43.128.81.0/24
AS132203,43.134.187.0/24
AS132203,43.129.237.0/24
AS132203,43.155.180.0/24
AS132203,43.155.21.0/24
AS132203,43.156.71.0/24
AS132203,43.165.3.0/24
AS132203,43.166.245.0/24
AS132203,43.167.212.0/24
AS132203,43.164.128.0/24
AS132203,43.154.202.0/24
AS132203,129.226.4.0/24
AS132203,43.166.166.0/24
AS132203,129.226.172.0/24
AS132203,101.32.103.0/24
AS132203,101.32.240.0/24
AS132203,43.164.77.0/24
AS132203,43.157.151.0/24
AS132203,43.159.177.0/24
AS132203,43.160.206.0/24
AS132203,43.128.66.0/24
AS132203,43.134.113.0/24
AS132203,43.167.197.0/24
AS132203,43.135.51.0/24
AS132203,43.161.231.0/24
AS132203,43.165.176.0/24
AS132203,43.131.226.0/24
AS132203,101.32.145.0/24
AS132203,43.133.203.0/24
AS132203,43.167.241.0/24
AS132203,43.157.163.0/24
AS135377,101.36.124.0/24
AS135377,45.195.221.0/24
AS135377,152.32.239.0/24
AS135377,103.218.242.0/24
AS135377,118.193.61.0/24
AS135377,123.58.219.0/24
AS135377,152.32.253.0/24
AS135377,165.154.6.0/24
AS135377,152.32.215.0/24
AS135377,165.154.4.0/24
AS135377,101.36.116.0/24
AS135377,152.32.191.0/24
AS135377,118.193.39.0/24
AS135377,45.249.244.0/24
AS135377,152.32.133.0/24
AS135377,118.193.36.0/24
AS135377,152.32.218.0/24
AS135377,101.36.125.0/24
AS135377,152.32.163.0/24
AS135377,103.218.241.0/24
AS135377,101.36.97.0/24
AS135377,165.154.147.0/24
AS135377,165.154.20.0/24
AS135377,101.36.112.0/24
AS135377,101.36.123.0/24
AS135377,152.32.182.0/24
AS135377,152.32.132.0/24
AS135377,152.32.211.0/24
AS135377,152.32.214.0/24
AS135377,165.154.149.0/24
AS135377,152.32.172.0/24
AS135377,118.26.36.0/24
AS135377,152.32.129.0/24
AS135377,118.193.33.0/24
AS135377,152.32.188.0/24
AS135377,152.32.186.0/24
AS135377,118.193.37.0/24
AS135377,152.32.130.0/24
AS135377,152.32.189.0/24
AS135377,101.36.113.0/24
AS135377,154.81.15.0/24
AS135377,165.154.5.0/24
AS135377,165.154.36.0/24
AS135377,123.58.215.0/24
AS135377,165.154.23.0/24
AS135377,152.32.174.0/24
AS135377,118.193.34.0/24
AS135377,118.193.35.0/24
AS135377,165.154.11.0/24
AS135377,101.36.106.0/24
AS135377,152.32.171.0/24
AS135377,152.32.226.0/24
AS135377,118.193.40.0/24
AS135377,152.32.212.0/24
AS135377,152.32.209.0/24
AS135377,152.32.206.0/24
AS135377,101.36.108.0/24
AS135377,165.154.1.0/24
AS135377,152.32.213.0/24
AS135377,45.249.246.0/24
AS135377,152.32.144.0/24
AS135377,101.36.127.0/24
AS135377,152.32.252.0/24
AS135377,152.32.140.0/24
AS135377,152.32.175.0/24
AS135377,123.58.210.0/24
AS135377,118.194.230.0/24
AS135377,165.154.22.0/24
AS135377,45.249.245.0/24
AS135377,118.193.69.0/24
AS135377,152.32.134.0/24
AS135377,101.36.109.0/24
AS135377,101.36.122.0/24
AS135377,101.36.119.0/24
AS135377,101.36.117.0/24
AS135377,101.36.107.0/24
AS135377,45.249.247.0/24
AS135377,118.194.234.0/24
AS135377,123.58.213.0/24
AS136907,114.119.133.0/24
AS136907,114.119.137.0/24
AS136907,49.0.200.0/24
AS136907,101.44.201.0/24
AS136907,124.243.170.0/24
AS136907,119.13.104.0/24
AS136907,166.108.228.0/24
AS136907,119.12.169.0/24
AS136907,111.119.235.0/24
AS136907,110.238.119.0/24
AS136907,114.119.131.0/24
AS150436,163.7.4.0/24
AS150436,45.78.237.0/24
AS150436,45.78.198.0/24
AS150436,163.7.6.0/24
AS150436,101.47.135.0/24
AS150436,101.47.159.0/24
AS150436,45.78.204.0/24
AS150436,101.47.17.0/24
AS150436,163.7.3.0/24
AS150436,101.47.50.0/24
AS150436,101.47.158.0/24
AS150436,101.47.48.0/24
AS150436,101.47.8.0/24
AS150436,69.5.0.0/24
AS150436,163.7.5.0/24
AS150436,163.7.1.0/24
AS150436,45.78.206.0/24
AS150436,101.47.156.0/24
AS150436,150.5.129.0/24
AS150436,163.7.11.0/24
AS150436,101.47.20.0/24
AS150436,101.47.143.0/24
AS150436,101.47.142.0/24
AS150436,101.47.162.0/24
AS150436,101.47.49.0/24
AS150436,101.47.140.0/24
AS150436,150.5.169.0/24
AS150436,101.47.51.0/24
AS150436,150.5.128.0/24
AS150436,69.5.20.0/24
AS150436,45.78.202.0/24
AS150436,101.47.13.0/24
AS150436,101.47.141.0/24
AS150436,101.47.161.0/24
AS150436,163.7.9.0/24
AS150436,45.78.207.0/24
AS150436,45.78.194.0/24
AS150436,163.7.8.0/24
AS150436,45.78.230.0/24
AS23969,180.180.146.0/24
AS23969,182.52.109.0/24
AS23969,182.52.236.0/24
AS23969,101.51.52.0/24
AS24440,139.135.59.0/24
AS24440,139.135.40.0/24
AS24440,101.53.236.0/24
AS4538,101.76.248.0/24
AS37693,102.110.11.0/24
AS328320,102.128.88.0/24
AS327991,102.129.62.0/24
AS327991,102.129.53.0/24
AS327991,102.64.41.0/24
AS327991,102.64.34.0/24
AS327991,102.129.51.0/24
AS327991,102.129.50.0/24
AS327991,102.64.40.0/24
AS327991,102.64.43.0/24
AS327991,102.64.39.0/24
AS327991,102.129.60.0/24
AS327991,102.64.36.0/24
AS327991,102.64.44.0/24
AS327991,102.64.46.0/24
AS327991,102.64.32.0/24
AS327991,102.64.47.0/24
AS327991,102.64.38.0/24
AS327991,102.129.54.0/24
AS327991,102.129.56.0/24
AS327991,102.64.33.0/24
AS327991,102.129.55.0/24
AS327991,102.129.59.0/24
AS327991,102.64.35.0/24
AS327991,102.129.61.0/24
AS327991,102.129.52.0/24
AS327991,102.129.57.0/24
AS327991,102.64.42.0/24
AS30988,102.140.97.0/24
AS174,102.165.48.0/24
AS174,154.16.49.0/24
AS329473,102.208.34.0/24
AS328847,102.210.148.0/24
AS328847,102.210.149.0/24
AS37517,102.211.11.0/24
AS328611,102.211.7.0/24
AS328939,102.218.89.0/24
AS328646,102.23.122.0/24
AS327782,102.33.36.0/24
AS327782,196.50.199.0/24
AS328539,102.38.3.0/24
AS36903,41.251.50.0/24
AS36903,196.206.73.0/24
AS36903,41.142.64.0/24
AS36903,154.144.243.0/24
AS36903,160.179.76.0/24
AS36903,105.158.50.0/24
AS36903,154.144.225.0/24
AS36903,154.146.240.0/24
AS36903,160.177.168.0/24
AS36903,102.53.15.0/24
AS36903,160.178.229.0/24
AS36903,154.144.253.0/24
AS36903,41.140.119.0/24
AS36903,196.217.97.0/24
AS36903,160.177.77.0/24
AS36903,102.54.243.0/24
AS36903,41.140.100.0/24
AS36903,196.206.88.0/24
AS36903,160.174.129.0/24
AS36903,196.92.7.0/24
AS328465,102.69.239.0/24
AS29465,102.88.55.0/24
AS29465,102.90.34.0/24
AS29465,102.88.137.0/24
AS29465,102.91.92.0/24
AS36925,102.98.25.0/24
AS10099,103.1.64.0/24
AS45650,103.10.28.0/24
AS133115,103.100.209.0/24
AS133115,39.109.104.0/24
AS136672,103.102.73.0/24
AS40065,154.198.215.0/24
AS40065,103.103.245.0/24
AS135863,103.103.53.0/24
AS135225,103.104.127.0/24
AS151983,103.104.87.0/24
AS136780,103.105.172.0/24
AS137097,103.105.176.0/24
AS137899,154.222.24.0/24
AS137899,154.201.87.0/24
AS137899,154.222.30.0/24
AS137899,103.106.188.0/24
AS134319,103.206.131.0/24
AS134319,103.178.76.0/24
AS134319,103.106.194.0/24
AS137151,103.107.60.0/24
AS150855,103.109.187.0/24
AS134877,103.110.237.0/24
AS215305,103.112.68.0/24
AS134316,103.113.104.0/24
AS137905,103.114.146.0/24
AS137905,103.114.147.0/24
AS152605,103.115.199.0/24
AS137868,103.115.252.0/24
AS140096,103.116.75.0/24
AS56309,103.117.148.0/24
AS136052,103.193.178.0/24
AS136052,103.52.114.0/24
AS136052,157.10.252.0/24
AS136052,103.217.145.0/24
AS136052,103.82.92.0/24
AS136052,103.59.95.0/24
AS136052,157.10.160.0/24
AS136052,103.49.238.0/24
AS136052,210.79.190.0/24
AS136052,103.117.57.0/24
AS136052,157.10.161.0/24
AS136052,103.76.120.0/24
AS136052,103.52.115.0/24
AS136052,203.145.34.0/24
AS136052,103.59.94.0/24
AS136052,103.49.239.0/24
AS136052,103.67.78.0/24
AS136052,103.217.144.0/24
AS136052,210.79.191.0/24
AS136052,103.117.56.0/24
AS136052,103.193.176.0/24
AS137987,103.119.94.0/24
AS141004,103.120.179.0/24
AS135130,103.122.249.0/24
AS136969,103.125.179.0/24
AS137535,103.127.242.0/24
AS138500,103.127.49.0/24
AS138608,103.13.207.0/24
AS138608,103.13.206.0/24
AS138608,103.134.154.0/24
AS138608,103.189.235.0/24
AS138608,103.189.234.0/24
AS137023,103.130.11.0/24
AS138350,103.130.207.0/24
AS138368,103.131.212.0/24
AS149137,103.131.85.0/24
AS138549,103.132.221.0/24
AS151214,103.133.247.0/24
AS139555,103.134.117.0/24
AS132298,103.135.253.0/24
AS135217,103.138.237.0/24
AS149723,103.138.53.0/24
AS139224,103.139.255.0/24
AS134932,103.141.116.0/24
AS150774,103.142.184.0/24
AS135951,103.142.26.0/24
AS136933,103.144.2.0/24
AS136933,103.144.28.0/24
AS136933,103.143.11.0/24
AS138152,103.143.238.0/24
AS138152,156.227.237.0/24
AS138152,103.143.231.0/24
AS138152,156.236.75.0/24
AS138152,103.146.52.0/24
AS138152,103.143.72.0/24
AS138152,156.227.233.0/24
AS138152,156.227.232.0/24
AS138152,156.232.13.0/24
AS136167,103.143.93.0/24
AS135994,103.145.63.0/24
AS142403,154.221.28.0/24
AS142403,154.209.4.0/24
AS142403,154.221.23.0/24
AS142403,103.146.159.0/24
AS142403,154.92.15.0/24
AS142403,154.221.24.0/24
AS142403,154.221.19.0/24
AS142403,154.221.27.0/24
AS131366,103.153.68.0/24
AS131366,103.176.20.0/24
AS131366,103.163.215.0/24
AS131366,103.146.23.0/24
AS4800,103.147.159.0/24
AS4800,103.168.135.0/24
AS135777,103.68.52.0/24
AS135777,103.147.248.0/24
AS139988,103.148.100.0/24
AS133658,103.148.119.0/24
AS151391,103.150.65.0/24
AS140417,103.151.140.0/24
AS138754,103.151.189.0/24
AS140917,103.153.110.0/24
AS140923,103.153.130.0/24
AS140947,103.153.182.0/24
AS140947,103.153.183.0/24
AS140995,103.154.158.0/24
AS140481,103.154.77.0/24
AS136306,103.155.57.0/24
AS140191,103.156.204.0/24
AS134886,103.156.237.0/24
AS141417,103.158.206.0/24
AS141319,103.158.40.0/24
AS135944,180.93.172.0/24
AS135944,116.118.2.0/24
AS135944,103.159.54.0/24
AS135967,103.74.123.0/24
AS135967,103.161.170.0/24
AS135967,103.161.16.0/24
AS137098,103.161.93.0/24
AS136905,103.162.3.0/24
AS141645,103.162.54.0/24
AS141745,103.163.117.0/24
AS141745,103.163.116.0/24
AS149240,103.163.167.0/24
AS141767,103.163.182.0/24
AS134032,103.163.44.0/24
AS134032,103.171.12.0/24
AS134032,103.58.65.0/24
AS134032,45.118.34.0/24
AS136106,103.164.132.0/24
AS141874,103.164.246.0/24
AS142002,165.154.205.0/24
AS142002,103.164.81.0/24
AS142002,165.154.231.0/24
AS142002,165.154.254.0/24
AS142002,165.154.229.0/24
AS142002,165.154.255.0/24
AS142002,165.154.238.0/24
AS142002,165.154.227.0/24
AS135905,103.166.182.0/24
AS135905,14.225.7.0/24
AS135905,14.225.3.0/24
AS135905,103.173.154.0/24
AS135905,103.200.22.0/24
AS135905,103.82.27.0/24
AS135905,14.225.217.0/24
AS135905,14.225.204.0/24
AS135905,14.225.205.0/24
AS135905,14.225.18.0/24
AS135905,123.31.31.0/24
AS135905,103.82.21.0/24
AS137213,103.166.58.0/24
AS142295,103.167.158.0/24
AS58504,103.167.233.0/24
AS136286,103.167.95.0/24
AS142439,103.168.241.0/24
AS140814,103.168.58.0/24
AS142430,103.168.66.0/24
AS58955,103.169.67.0/24
AS150593,103.17.12.0/24
AS142627,103.171.69.0/24
AS146988,103.172.113.0/24
AS38253,103.172.236.0/24
AS146956,103.172.28.0/24
AS137127,103.174.34.0/24
AS147124,103.175.206.0/24
AS135780,103.176.167.0/24
AS58715,182.48.80.0/24
AS58715,103.178.186.0/24
AS131471,103.178.78.0/24
AS132768,103.30.81.0/24
AS132768,103.30.80.0/24
AS132768,103.18.166.0/24
AS132768,103.25.132.0/24
AS132768,103.30.83.0/24
AS149526,103.182.132.0/24
AS149636,103.183.62.0/24
AS149792,103.186.114.0/24
AS135325,103.186.139.0/24
AS149897,103.187.165.0/24
AS149575,103.187.78.0/24
AS149111,103.189.208.0/24
AS137109,103.189.99.0/24
AS132668,103.19.231.0/24
AS150019,103.191.204.0/24
AS141153,103.192.39.0/24
AS141153,103.192.38.0/24
as134518,103.194.239.0/24
AS134326,103.194.243.0/24
AS134326,103.69.9.0/24
AS134326,43.246.139.0/24
AS63734,103.199.19.0/24
AS24186,202.141.3.0/24
AS24186,202.168.84.0/24
AS24186,103.199.203.0/24
AS24186,202.141.40.0/24
AS131423,42.96.19.0/24
AS131423,42.96.16.0/24
AS131423,42.96.20.0/24
AS131423,103.2.225.0/24
AS131423,45.119.212.0/24
AS131423,103.48.192.0/24
AS136565,103.20.122.0/24
AS38001,103.200.219.0/24
AS131386,103.200.25.0/24
AS131386,45.119.84.0/24
AS136180,103.203.57.0/24
AS134863,103.207.4.0/24
AS55803,103.208.218.0/24
AS134674,103.208.68.0/24
AS134928,103.209.179.0/24
AS135310,103.213.238.0/24
AS150303,103.215.74.0/24
AS206264,103.217.252.0/24
AS24550,103.225.246.0/24
AS55933,45.64.74.0/24
AS55933,103.229.125.0/24
AS55933,43.224.248.0/24
AS38136,103.229.54.0/24
AS133159,103.230.156.0/24
AS149553,103.230.176.0/24
AS13335,103.230.240.0/24
AS133731,103.231.14.0/24
AS133524,103.233.206.0/24
AS133232,103.235.0.0/24
AS131414,103.97.135.0/24
AS131414,103.237.144.0/24
AS63526,160.22.20.0/24
AS63526,103.239.252.0/24
AS42960,103.24.217.0/24
AS133499,103.240.165.0/24
AS135983,160.187.240.0/24
AS135983,103.241.43.0/24
AS133676,103.248.120.0/24
AS150206,103.249.19.0/24
AS55720,45.121.147.0/24
AS55720,103.249.84.0/24
AS58898,103.25.47.0/24
AS45916,103.250.149.0/24
AS45916,150.129.204.0/24
AS45916,157.119.204.0/24
AS45916,103.250.160.0/24
AS150311,103.250.29.0/24
AS134970,103.251.247.0/24
AS9498,122.187.237.0/24
AS9498,125.20.237.0/24
AS9498,182.73.44.0/24
AS9498,182.95.230.0/24
AS9498,125.19.183.0/24
AS9498,182.78.242.0/24
AS9498,125.19.221.0/24
AS9498,152.52.213.0/24
AS9498,182.95.175.0/24
AS9498,182.95.181.0/24
AS9498,128.185.187.0/24
AS9498,182.95.178.0/24
AS9498,182.78.159.0/24
AS9498,122.186.255.0/24
AS9498,122.185.100.0/24
AS9498,125.19.182.0/24
AS9498,122.185.44.0/24
AS9498,182.95.116.0/24
AS9498,182.95.41.0/24
AS9498,182.95.109.0/24
AS9498,182.75.119.0/24
AS9498,122.185.145.0/24
AS9498,182.95.89.0/24
AS9498,152.52.246.0/24
AS9498,182.95.42.0/24
AS9498,182.95.91.0/24
AS9498,125.19.156.0/24
AS9498,182.95.186.0/24
AS9498,182.95.12.0/24
AS9498,182.95.228.0/24
AS9498,182.95.180.0/24
AS9498,128.185.244.0/24
AS9498,128.185.227.0/24
AS9498,122.187.234.0/24
AS9498,128.185.254.0/24
AS9498,182.78.86.0/24
AS9498,182.73.109.0/24
AS9498,152.52.158.0/24
AS9498,125.19.220.0/24
AS9498,122.186.64.0/24
AS9498,152.52.220.0/24
AS9498,182.95.184.0/24
AS9498,152.52.232.0/24
AS9498,182.72.102.0/24
AS9498,125.19.251.0/24
AS9498,128.185.12.0/24
AS9498,152.52.224.0/24
AS9498,182.95.110.0/24
AS9498,182.95.234.0/24
AS9498,152.52.243.0/24
AS9498,182.95.61.0/24
AS9498,61.246.201.0/24
AS9498,125.21.59.0/24
AS9498,182.95.57.0/24
AS9498,125.19.222.0/24
AS9498,152.52.227.0/24
AS9498,152.52.15.0/24
AS9498,182.95.119.0/24
AS9498,122.187.226.0/24
AS9498,122.187.166.0/24
AS9498,125.19.245.0/24
AS9498,128.185.218.0/24
AS9498,182.95.103.0/24
AS9498,182.95.63.0/24
AS9498,182.95.189.0/24
AS9498,122.187.230.0/24
AS9498,122.187.54.0/24
AS9498,152.52.236.0/24
AS9498,128.185.194.0/24
AS9498,182.95.152.0/24
AS9498,128.185.249.0/24
AS9498,182.95.54.0/24
AS9498,182.76.107.0/24
AS9498,182.95.106.0/24
AS9498,59.144.79.0/24
AS9498,182.95.185.0/24
AS9498,182.95.190.0/24
AS9498,125.19.162.0/24
AS9498,125.19.229.0/24
AS9498,122.187.172.0/24
AS9498,182.78.68.0/24
AS9498,125.19.195.0/24
AS9498,128.185.235.0/24
AS9498,128.185.220.0/24
AS9498,182.95.40.0/24
AS9498,203.132.135.0/24
AS9498,182.78.64.0/24
AS9498,182.95.124.0/24
AS9498,122.185.101.0/24
AS9498,122.187.251.0/24
AS9498,122.185.146.0/24
AS9498,182.78.241.0/24
AS9498,182.95.224.0/24
AS9498,125.17.108.0/24
AS9498,125.19.216.0/24
AS9498,128.185.219.0/24
AS9498,182.95.176.0/24
AS9498,182.95.174.0/24
AS9498,125.19.154.0/24
AS9498,182.95.101.0/24
AS9498,182.95.150.0/24
AS9498,182.95.112.0/24
AS9498,122.187.228.0/24
AS9498,182.79.216.0/24
AS9498,182.95.223.0/24
AS9498,59.145.170.0/24
AS9498,122.186.219.0/24
AS9498,128.185.33.0/24
AS9498,125.19.218.0/24
AS9498,182.95.107.0/24
AS9498,182.95.120.0/24
AS9498,182.78.107.0/24
AS9498,182.95.126.0/24
AS9498,182.95.167.0/24
AS9498,125.19.253.0/24
AS9498,125.20.228.0/24
AS9498,182.95.51.0/24
AS9498,182.78.73.0/24
AS9498,182.95.48.0/24
AS9498,122.186.162.0/24
AS9498,125.20.247.0/24
AS9498,182.66.213.0/24
AS9498,122.185.187.0/24
AS9498,182.95.58.0/24
AS9498,27.123.97.0/24
AS9498,122.185.176.0/24
AS9498,27.123.98.0/24
AS9498,182.95.233.0/24
AS9498,125.19.219.0/24
AS9498,128.185.199.0/24
AS9498,152.52.192.0/24
AS9498,122.187.116.0/24
AS9498,182.95.60.0/24
AS9498,122.186.159.0/24
AS9498,182.95.113.0/24
AS9498,182.95.32.0/24
AS9498,125.19.248.0/24
AS9498,125.19.157.0/24
AS9498,182.95.231.0/24
AS9498,182.95.183.0/24
AS9498,61.95.192.0/24
AS9498,128.185.209.0/24
AS9498,182.78.69.0/24
AS9498,122.187.59.0/24
AS9498,125.17.185.0/24
AS9498,128.185.228.0/24
AS9498,182.95.102.0/24
AS9498,182.95.122.0/24
AS9498,182.95.217.0/24
AS9498,203.145.143.0/24
AS9498,122.186.201.0/24
AS9498,122.187.229.0/24
AS9498,122.185.185.0/24
AS9498,125.20.229.0/24
AS9498,152.52.201.0/24
AS9498,125.16.27.0/24
AS9498,122.184.124.0/24
AS9498,182.95.14.0/24
AS9498,122.184.85.0/24
AS9498,122.187.222.0/24
AS9498,122.185.65.0/24
AS9498,128.185.212.0/24
AS9498,59.145.160.0/24
AS9498,182.78.67.0/24
AS9498,182.95.45.0/24
AS9498,122.187.227.0/24
AS9498,182.95.187.0/24
AS9498,103.251.31.0/24
AS9498,182.78.108.0/24
AS9498,122.187.174.0/24
AS9498,125.20.224.0/24
AS9498,128.185.248.0/24
AS9498,182.95.123.0/24
AS9498,182.95.191.0/24
AS9498,122.186.202.0/24
AS9498,128.185.197.0/24
AS9498,128.185.238.0/24
AS9498,152.52.205.0/24
AS9498,182.76.71.0/24
AS9498,182.95.182.0/24
AS9498,128.185.239.0/24
AS9498,125.19.163.0/24
AS9498,125.20.251.0/24
AS9498,182.95.52.0/24
AS9498,125.19.160.0/24
AS9498,182.95.111.0/24
AS9498,125.19.206.0/24
AS9498,128.185.225.0/24
AS9498,182.76.228.0/24
AS9498,182.78.144.0/24
AS9498,128.185.201.0/24
AS9498,125.17.233.0/24
AS9498,182.95.115.0/24
AS9498,182.95.127.0/24
AS9498,182.95.229.0/24
AS9498,182.95.49.0/24
AS9498,182.95.232.0/24
AS9498,27.123.107.0/24
AS9498,128.185.253.0/24
AS9498,125.19.188.0/24
AS9498,152.52.196.0/24
AS9498,182.78.87.0/24
AS9498,182.95.173.0/24
AS9498,182.95.177.0/24
AS9498,122.185.178.0/24
AS9498,182.95.43.0/24
AS9498,125.21.53.0/24
AS9498,125.20.245.0/24
AS9498,152.52.245.0/24
AS9498,125.20.246.0/24
AS9498,122.186.200.0/24
AS9498,125.20.252.0/24
AS133007,103.252.168.0/24
AS59162,103.255.75.0/24
AS132670,103.27.36.0/24
AS56260,103.29.185.0/24
AS134120,43.252.231.0/24
AS134120,45.116.79.0/24
AS134120,43.252.228.0/24
AS134120,103.30.41.0/24
AS134120,103.30.40.0/24
AS38165,103.31.39.0/24
AS133273,103.36.84.0/24
AS151769,103.38.219.0/24
AS133720,103.39.245.0/24
AS133720,103.49.242.0/24
AS9441,103.4.145.0/24
AS139021,103.43.191.0/24
AS153252,103.50.5.0/24
AS154026,103.51.54.0/24
AS135821,103.54.31.0/24
AS133989,103.55.105.0/24
AS138239,103.56.30.0/24
AS134788,103.62.152.0/24
AS38732,103.63.108.0/24
AS135202,103.67.152.0/24
AS135918,103.69.96.0/24
AS135918,160.22.123.0/24
AS5065,103.7.118.0/24
AS139515,103.71.109.0/24
AS150895,160.250.186.0/24
AS150895,103.78.2.0/24
AS150895,103.72.56.0/24
AS150895,163.227.230.0/24
AS150895,160.250.133.0/24
AS151858,36.50.54.0/24
AS151858,160.187.147.0/24
AS151858,36.50.177.0/24
AS151858,36.50.176.0/24
AS151858,103.75.183.0/24
AS151858,157.10.52.0/24
AS151858,160.191.89.0/24
AS140810,103.78.0.0/24
AS140810,103.78.1.0/24
AS199959,103.79.79.0/24
AS50053,103.80.87.0/24
AS136146,103.81.170.0/24
AS149089,103.82.37.0/24
AS134945,103.84.236.0/24
AS132641,103.84.7.0/24
AS136284,103.86.180.0/24
AS18109,103.86.198.0/24
AS136380,103.86.56.0/24
AS141314,103.87.106.0/24
AS136336,103.88.76.0/24
AS132673,103.90.27.0/24
AS136323,103.93.37.0/24
AS137283,103.97.179.0/24
AS136646,103.97.215.0/24
AS131374,103.98.152.0/24
AS37069,105.35.149.0/24
AS36947,154.241.49.0/24
AS36947,197.203.111.0/24
AS36947,154.251.220.0/24
AS36947,154.241.54.0/24
AS36947,154.241.73.0/24
AS36947,41.111.178.0/24
AS36947,105.97.47.0/24
AS36947,41.99.50.0/24
AS36947,154.241.26.0/24
AS36947,154.241.35.0/24
AS36947,105.96.13.0/24
AS36947,154.241.23.0/24
AS38365,180.76.52.0/24
AS38365,106.13.69.0/24
AS38365,180.76.108.0/24
AS38365,180.76.143.0/24
AS38365,106.13.168.0/24
AS38365,106.12.170.0/24
AS38365,180.76.194.0/24
AS38365,106.13.181.0/24
AS38365,180.76.233.0/24
AS38365,180.76.55.0/24
AS38365,180.76.244.0/24
AS38365,182.61.46.0/24
AS38365,106.12.18.0/24
AS38365,106.13.39.0/24
AS38365,106.13.85.0/24
AS38365,106.12.151.0/24
AS38365,182.61.14.0/24
AS38365,106.12.241.0/24
AS38365,106.13.139.0/24
AS38365,180.76.141.0/24
AS38365,180.76.146.0/24
AS38365,180.76.170.0/24
AS38365,180.76.236.0/24
AS38365,180.76.124.0/24
AS38365,106.12.45.0/24
AS38365,180.76.105.0/24
AS38365,180.76.225.0/24
AS38365,106.12.6.0/24
AS38365,180.76.245.0/24
AS38365,106.13.109.0/24
AS38365,106.13.167.0/24
AS38365,106.12.152.0/24
AS38365,180.76.98.0/24
AS38365,106.12.43.0/24
AS38365,180.76.250.0/24
AS38365,180.76.237.0/24
AS38365,106.12.149.0/24
AS38365,180.76.147.0/24
AS38365,106.12.74.0/24
AS38365,180.76.137.0/24
AS38365,106.12.108.0/24
AS38365,180.76.115.0/24
AS24560,122.169.35.0/24
AS24560,182.64.3.0/24
AS24560,223.230.3.0/24
AS24560,122.169.211.0/24
AS24560,122.176.122.0/24
AS24560,110.227.211.0/24
AS24560,122.165.78.0/24
AS24560,122.166.253.0/24
AS24560,122.162.240.0/24
AS24560,61.95.199.0/24
AS24560,122.165.72.0/24
AS24560,125.23.203.0/24
AS24560,223.185.63.0/24
AS24560,122.176.115.0/24
AS24560,223.233.87.0/24
AS24560,125.23.140.0/24
AS24560,122.160.142.0/24
AS24560,122.176.156.0/24
AS24560,122.166.49.0/24
AS24560,223.185.12.0/24
AS24560,122.177.245.0/24
AS24560,125.23.183.0/24
AS24560,223.181.97.0/24
AS24560,122.170.111.0/24
AS24560,125.23.228.0/24
AS24560,122.179.195.0/24
AS24560,122.165.124.0/24
AS24560,122.180.243.0/24
AS24560,122.177.246.0/24
AS24560,110.227.128.0/24
AS24560,125.23.207.0/24
AS24560,171.61.17.0/24
AS24560,61.95.198.0/24
AS24560,122.160.30.0/24
AS24560,122.160.137.0/24
AS24560,125.23.237.0/24
AS24560,122.160.11.0/24
AS24560,125.23.255.0/24
AS24560,122.169.40.0/24
AS24560,122.160.51.0/24
AS24560,110.227.215.0/24
AS24560,125.23.41.0/24
AS24560,106.222.251.0/24
AS24560,122.170.100.0/24
AS24560,122.168.194.0/24
AS24560,122.175.18.0/24
AS24560,122.166.56.0/24
AS24560,223.181.16.0/24
AS24560,122.177.242.0/24
AS24560,223.185.19.0/24
AS24560,122.179.140.0/24
AS24560,122.166.167.0/24
AS24560,122.160.187.0/24
AS24560,125.23.155.0/24
AS24309,49.205.150.0/24
AS24309,49.207.244.0/24
AS24309,106.51.92.0/24
AS24309,49.204.74.0/24
AS45271,106.78.30.0/24
AS45629,171.7.114.0/24
AS45629,171.7.247.0/24
AS45629,223.205.238.0/24
AS45629,110.164.228.0/24
AS45629,223.206.191.0/24
AS45629,183.89.208.0/24
AS131090,116.58.230.0/24
AS131090,110.77.137.0/24
AS45754,110.93.89.0/24
AS9808,111.14.105.0/24
AS9808,111.20.145.0/24
AS9808,223.107.146.0/24
AS9808,223.73.241.0/24
AS9808,112.31.109.0/24
AS9808,120.234.232.0/24
AS9808,183.214.57.0/24
AS9808,183.196.144.0/24
AS9808,223.105.72.0/24
AS9808,111.26.115.0/24
AS9808,36.134.147.0/24
AS9808,36.150.51.0/24
AS9808,183.220.227.0/24
AS9808,111.26.196.0/24
AS9808,111.9.22.0/24
AS9808,183.195.135.0/24
AS9808,111.26.62.0/24
AS9808,223.107.72.0/24
AS9808,36.134.203.0/24
AS9808,111.26.177.0/24
AS9808,36.135.103.0/24
AS9808,218.206.136.0/24
AS9808,111.50.70.0/24
AS9808,36.134.34.0/24
AS9808,117.133.35.0/24
AS9808,111.26.6.0/24
AS9808,183.201.208.0/24
AS9808,112.26.74.0/24
AS9808,218.201.226.0/24
AS9808,223.73.173.0/24
AS9808,218.202.112.0/24
AS9808,36.135.93.0/24
AS9808,36.132.36.0/24
AS9808,218.207.193.0/24
AS9808,183.241.254.0/24
AS9808,111.61.87.0/24
AS9808,111.22.249.0/24
AS9808,111.17.213.0/24
AS9808,111.61.97.0/24
AS9808,112.25.140.0/24
AS9808,112.46.138.0/24
AS9808,112.27.38.0/24
AS9808,36.153.164.0/24
AS9808,211.142.244.0/24
AS9808,120.193.9.0/24
AS9808,111.11.93.0/24
AS9808,221.182.185.0/24
AS9808,223.93.164.0/24
AS9808,117.158.166.0/24
AS9808,183.248.129.0/24
AS9808,223.82.86.0/24
AS9808,36.139.125.0/24
AS9808,111.26.100.0/24
AS9808,111.61.176.0/24
AS9808,117.148.110.0/24
AS9808,111.59.206.0/24
AS9808,120.237.131.0/24
AS9808,36.154.134.0/24
AS9808,117.148.115.0/24
AS9808,120.243.200.0/24
AS9808,183.239.77.0/24
AS9808,36.135.107.0/24
AS9808,117.173.77.0/24
AS9808,112.54.172.0/24
AS9808,111.48.77.0/24
AS9808,112.6.209.0/24
AS9808,120.196.66.0/24
AS9808,111.26.101.0/24
AS9808,120.220.250.0/24
AS9808,111.36.152.0/24
AS9808,112.6.227.0/24
AS9808,120.224.242.0/24
AS9808,120.224.56.0/24
AS9808,183.247.171.0/24
AS9808,111.55.204.0/24
AS9808,36.135.62.0/24
AS9808,117.176.204.0/24
AS9808,223.109.141.0/24
AS9808,36.144.74.0/24
AS9808,183.255.71.0/24
AS9808,112.30.127.0/24
AS9808,218.200.9.0/24
AS9808,223.99.13.0/24
AS9808,112.26.101.0/24
AS9808,120.234.53.0/24
AS9808,117.132.5.0/24
AS9808,211.142.44.0/24
AS9808,111.31.166.0/24
AS9808,120.211.5.0/24
AS9808,117.159.93.0/24
AS9808,223.71.254.0/24
AS9808,111.53.147.0/24
AS9808,111.46.77.0/24
AS9808,120.193.223.0/24
AS9808,111.61.177.0/24
AS9808,36.139.195.0/24
AS9808,111.57.17.0/24
AS9808,112.27.230.0/24
AS9808,111.23.42.0/24
AS9808,223.104.82.0/24
AS9808,111.35.36.0/24
AS9808,223.105.71.0/24
AS9808,111.26.69.0/24
AS9808,112.51.122.0/24
AS9808,111.34.17.0/24
AS9808,111.62.173.0/24
AS9808,117.133.182.0/24
AS9808,112.49.217.0/24
AS9808,112.31.93.0/24
AS9808,221.130.15.0/24
AS9808,112.28.89.0/24
AS9808,120.243.121.0/24
AS9808,112.6.127.0/24
AS9808,111.26.106.0/24
AS9808,223.109.49.0/24
AS9808,112.30.7.0/24
AS9808,36.153.189.0/24
AS9808,111.26.63.0/24
AS9808,111.33.78.0/24
AS9808,183.237.33.0/24
AS9808,36.135.92.0/24
AS9808,111.4.78.0/24
AS9808,218.201.250.0/24
AS9808,120.221.130.0/24
AS9808,117.141.79.0/24
AS9808,111.59.18.0/24
AS9808,117.131.156.0/24
AS9808,112.26.99.0/24
AS9808,111.56.44.0/24
AS9808,223.109.200.0/24
AS9808,111.59.125.0/24
AS9808,36.135.100.0/24
AS9808,36.137.38.0/24
AS9808,111.26.167.0/24
AS9808,183.222.41.0/24
AS9808,223.70.149.0/24
AS9808,112.19.161.0/24
AS9808,111.50.143.0/24
AS9808,183.224.160.0/24
AS9808,183.233.85.0/24
AS9808,111.38.136.0/24
AS9808,223.99.212.0/24
AS9808,112.28.73.0/24
AS9808,111.42.132.0/24
AS9808,112.28.153.0/24
AS9808,221.130.95.0/24
AS9808,111.26.67.0/24
AS9808,120.230.115.0/24
AS9808,36.154.237.0/24
AS9808,117.148.114.0/24
AS9808,111.61.175.0/24
AS9808,112.6.11.0/24
AS9808,120.229.168.0/24
AS9808,111.26.95.0/24
AS9808,36.140.173.0/24
AS9808,223.100.150.0/24
AS9808,223.100.224.0/24
AS9808,117.159.174.0/24
AS9808,117.187.180.0/24
AS9808,183.236.75.0/24
AS9808,120.198.61.0/24
AS9808,120.224.15.0/24
AS9808,36.134.126.0/24
AS9808,120.233.73.0/24
AS9808,183.213.21.0/24
AS9808,117.175.160.0/24
AS9808,36.132.228.0/24
AS9808,120.198.138.0/24
AS9808,111.61.117.0/24
AS45773,121.52.147.0/24
AS45773,111.68.98.0/24
AS45773,111.68.107.0/24
AS4760,116.48.150.0/24
AS4760,220.246.47.0/24
AS4760,203.198.173.0/24
AS4760,203.198.129.0/24
AS4760,220.246.40.0/24
AS4760,65.181.92.0/24
AS4760,112.118.57.0/24
AS4760,116.48.143.0/24
AS4760,65.181.79.0/24
AS4760,219.76.177.0/24
AS4760,112.120.171.0/24
AS4760,220.246.43.0/24
AS4760,209.9.199.0/24
AS4760,220.246.42.0/24
AS4760,58.152.141.0/24
AS17917,112.196.70.0/24
AS9299,27.110.166.0/24
AS9299,49.147.199.0/24
AS9299,27.110.176.0/24
AS9299,122.53.133.0/24
AS9299,112.209.12.0/24
AS45538,112.78.10.0/24
AS45538,112.78.1.0/24
AS55666,112.78.37.0/24
AS134543,163.177.220.0/24
AS134543,112.97.202.0/24
AS45899,123.26.216.0/24
AS45899,14.161.22.0/24
AS45899,113.185.46.0/24
AS45899,123.24.92.0/24
AS45899,14.177.234.0/24
AS45899,113.161.39.0/24
AS45899,14.224.227.0/24
AS45899,221.132.21.0/24
AS45899,14.170.67.0/24
AS45899,113.164.66.0/24
AS45899,14.191.120.0/24
AS45899,113.161.48.0/24
AS45899,222.255.214.0/24
AS45899,14.230.233.0/24
AS45899,14.245.113.0/24
AS45899,14.248.83.0/24
AS7643,113.172.100.0/24
AS45528,113.193.234.0/24
AS23752,113.199.242.0/24
AS4515,42.200.71.0/24
AS4515,42.200.66.0/24
AS4515,223.197.145.0/24
AS4515,42.200.73.0/24
AS4515,223.197.248.0/24
AS4515,125.215.199.0/24
AS4515,42.200.78.0/24
AS4515,223.197.153.0/24
AS4515,223.197.186.0/24
AS4515,113.28.86.0/24
AS4515,42.200.60.0/24
AS4761,114.10.42.0/24
AS4761,114.8.146.0/24
AS4761,114.10.47.0/24
AS132608,114.130.85.0/24
AS4808,114.241.255.0/24
AS4808,61.149.15.0/24
AS4808,125.35.109.0/24
AS4808,114.246.241.0/24
AS4808,61.50.119.0/24
AS4808,221.218.34.0/24
AS4808,123.116.133.0/24
AS4808,123.118.230.0/24
AS4808,222.128.15.0/24
AS4808,123.118.1.0/24
AS4808,61.51.111.0/24
AS4808,123.121.5.0/24
AS4808,123.116.119.0/24
AS18004,114.79.3.0/24
AS23674,115.186.150.0/24
AS55836,115.241.83.0/24
AS55836,152.58.6.0/24
AS55836,49.47.135.0/24
AS55836,115.245.122.0/24
AS55836,157.49.4.0/24
AS55836,47.15.224.0/24
AS55836,49.42.167.0/24
AS55836,152.58.15.0/24
AS55836,49.36.42.0/24
AS55836,47.11.10.0/24
AS55836,139.167.208.0/24
AS55836,152.56.12.0/24
AS55836,49.36.233.0/24
AS55836,115.241.228.0/24
AS55836,152.58.190.0/24
AS55836,136.232.11.0/24
AS24086,116.110.14.0/24
AS24086,125.212.192.0/24
AS24086,27.79.47.0/24
AS24086,116.110.150.0/24
AS24086,116.110.30.0/24
AS24086,171.241.44.0/24
AS24086,171.243.151.0/24
AS24086,27.79.4.0/24
AS24086,116.109.110.0/24
AS24086,116.98.104.0/24
AS24086,116.99.173.0/24
AS24086,117.2.123.0/24
AS24086,117.6.44.0/24
AS24086,171.231.177.0/24
AS24086,171.236.134.0/24
AS24086,171.244.141.0/24
AS24086,171.244.37.0/24
AS24086,27.71.60.0/24
AS24086,125.212.226.0/24
AS24086,27.79.45.0/24
AS24086,171.231.192.0/24
AS24086,116.110.2.0/24
AS24086,171.244.60.0/24
AS24086,171.244.61.0/24
AS24086,27.72.31.0/24
AS24086,27.79.1.0/24
AS24086,27.71.21.0/24
AS24086,116.110.148.0/24
AS24086,116.110.144.0/24
AS24086,27.79.41.0/24
AS24086,27.71.237.0/24
AS24086,171.231.181.0/24
AS24086,27.72.46.0/24
AS24086,171.232.87.0/24
AS24086,116.110.152.0/24
AS24086,171.242.235.0/24
AS24086,171.244.38.0/24
AS24086,116.99.171.0/24
AS24086,116.98.254.0/24
AS24086,115.74.4.0/24
AS24086,125.212.159.0/24
AS24086,171.231.194.0/24
AS24086,171.231.185.0/24
AS24086,171.243.150.0/24
AS24086,171.242.22.0/24
AS24086,171.231.184.0/24
AS24086,171.244.143.0/24
AS24086,171.231.198.0/24
AS24086,116.110.219.0/24
AS24086,116.110.153.0/24
AS24086,116.110.217.0/24
AS24086,116.110.18.0/24
AS24086,116.110.211.0/24
AS24086,116.111.2.0/24
AS24086,171.231.180.0/24
AS24086,116.97.4.0/24
AS24086,117.4.115.0/24
AS24086,116.110.17.0/24
AS24086,116.110.4.0/24
AS24086,125.212.223.0/24
AS24086,171.237.176.0/24
AS24086,27.79.44.0/24
AS24086,27.79.7.0/24
AS24086,171.243.148.0/24
AS24086,116.110.215.0/24
AS24086,171.231.190.0/24
AS24086,171.231.195.0/24
AS24086,27.72.42.0/24
AS24086,117.5.147.0/24
AS24086,27.79.3.0/24
AS24086,27.79.5.0/24
AS24086,116.110.209.0/24
AS24086,27.72.96.0/24
AS24086,116.110.155.0/24
AS23860,116.206.202.0/24
AS23860,116.193.128.0/24
AS132420,116.204.174.0/24
AS9658,116.50.179.0/24
AS17557,210.56.12.0/24
AS17557,116.71.136.0/24
AS17557,39.47.4.0/24
AS17557,39.47.49.0/24
AS17557,182.183.142.0/24
AS17557,182.180.57.0/24
AS17557,182.184.118.0/24
AS17557,116.71.133.0/24
AS17557,182.176.92.0/24
AS17557,119.152.102.0/24
AS17488,116.73.192.0/24
AS17488,60.243.29.0/24
AS17488,116.75.218.0/24
AS17488,60.254.51.0/24
AS17488,116.72.9.0/24
AS9829,117.223.35.0/24
AS9829,117.197.161.0/24
AS9829,117.236.89.0/24
AS9829,59.178.101.0/24
AS9829,61.0.228.0/24
AS9829,117.216.106.0/24
AS9829,117.252.93.0/24
AS9829,117.247.23.0/24
AS9829,117.221.168.0/24
AS9829,117.252.255.0/24
AS9829,117.216.107.0/24
AS9829,117.255.147.0/24
AS9829,59.92.124.0/24
AS9829,117.248.107.0/24
AS9829,61.2.228.0/24
AS9829,59.98.41.0/24
AS9829,117.204.1.0/24
AS9829,59.98.83.0/24
AS9829,218.248.19.0/24
AS9829,59.178.102.0/24
AS9829,117.216.143.0/24
AS9829,59.93.96.0/24
AS9829,117.192.42.0/24
AS9829,61.1.105.0/24
AS9829,117.219.14.0/24
AS9829,61.2.44.0/24
AS9829,61.1.180.0/24
AS9829,117.242.191.0/24
AS9829,59.178.18.0/24
AS9829,59.93.36.0/24
AS9829,117.214.245.0/24
AS9829,117.220.10.0/24
AS9829,117.216.211.0/24
AS9829,59.98.148.0/24
AS9829,120.62.8.0/24
AS9829,117.222.121.0/24
AS9829,117.241.75.0/24
AS9829,117.200.86.0/24
AS9829,117.247.239.0/24
AS9829,117.211.15.0/24
AS9829,117.250.107.0/24
AS9829,59.95.122.0/24
AS18053,118.107.139.0/24
AS45671,118.127.40.0/24
AS23956,118.179.102.0/24
AS23956,202.4.106.0/24
AS3758,121.6.81.0/24
AS3758,118.200.42.0/24
AS10103,203.186.60.0/24
AS10103,183.179.164.0/24
AS10103,119.247.187.0/24
AS10103,210.209.70.0/24
AS10103,59.148.166.0/24
AS133478,119.28.9.0/24
AS133662,120.138.6.0/24
AS132199,120.28.212.0/24
AS132199,158.62.43.0/24
AS132199,120.28.109.0/24
AS59019,120.92.124.0/24
AS4816,125.91.17.0/24
AS4816,125.91.140.0/24
AS4816,121.11.99.0/24
AS17924,121.202.138.0/24
AS17924,121.202.205.0/24
AS17924,121.202.206.0/24
AS23650,121.227.31.0/24
AS4768,121.73.167.0/24
AS4768,121.73.168.0/24
AS4768,121.73.163.0/24
AS4768,121.73.162.0/24
AS4768,121.73.161.0/24
AS4768,121.73.169.0/24
AS134121,122.10.115.0/24
AS4609,125.31.2.0/24
AS4609,182.93.50.0/24
AS4609,182.93.7.0/24
AS4609,122.100.185.0/24
AS9443,122.148.199.0/24
AS9443,14.137.77.0/24
AS38562,122.152.49.0/24
AS17858,122.35.192.0/24
AS135810,123.253.236.0/24
AS59089,123.59.232.0/24
AS45413,124.109.2.0/24
AS4134,218.64.218.0/24
AS4134,124.225.20.0/24
AS4134,218.21.37.0/24
AS4134,124.225.66.0/24
AS4134,218.15.224.0/24
AS4134,124.225.122.0/24
AS4134,124.117.248.0/24
AS18209,49.206.194.0/24
AS18209,124.123.148.0/24
AS4788,60.51.93.0/24
AS4788,175.145.39.0/24
AS4788,180.74.174.0/24
AS4788,175.143.118.0/24
AS4788,180.75.123.0/24
AS4788,124.13.221.0/24
AS4788,180.75.45.0/24
AS4788,202.188.47.0/24
AS4788,180.75.238.0/24
AS4788,175.143.117.0/24
AS4788,175.144.16.0/24
AS19324,124.217.246.0/24
AS9583,124.7.227.0/24
AS58461,125.124.42.0/24
AS58461,125.124.183.0/24
AS58461,125.124.226.0/24
AS58461,218.0.56.0/24
AS58461,218.0.63.0/24
AS58461,125.124.207.0/24
AS58461,125.124.22.0/24
AS17974,36.64.162.0/24
AS17974,125.163.70.0/24
AS17974,125.163.206.0/24
AS17974,222.124.177.0/24
AS17974,125.166.0.0/24
AS17974,36.81.168.0/24
AS17974,36.64.190.0/24
AS17974,125.166.18.0/24
AS17974,36.64.68.0/24
AS9908,125.59.252.0/24
AS133776,125.77.133.0/24
AS37063,129.205.2.0/24
AS152194,134.122.140.0/24
AS28683,137.255.13.0/24
AS4775,138.84.115.0/24
AS59078,139.198.15.0/24
AS55824,14.139.107.0/24
AS4755,182.62.35.0/24
AS4755,14.140.218.0/24
AS45820,14.194.98.0/24
AS45820,14.195.83.0/24
AS45820,49.200.178.0/24
AS45820,14.97.187.0/24
AS17621,27.115.113.0/24
AS17621,58.247.139.0/24
AS17621,140.207.15.0/24
AS9541,192.140.150.0/24
AS9541,144.48.135.0/24
AS9541,144.48.133.0/24
AS153528,161.248.201.0/24
AS153528,144.79.133.0/24
AS45458,49.229.157.0/24
AS45458,147.50.103.0/24
AS26496,148.66.132.0/24
AS55330,149.54.30.0/24
AS55330,180.94.75.0/24
AS55330,149.54.33.0/24
AS55330,149.54.51.0/24
AS55330,149.54.62.0/24
AS55330,180.94.74.0/24
AS55330,180.94.76.0/24
AS55330,149.54.15.0/24
AS55330,149.54.23.0/24
AS14593,150.228.224.0/24
AS8346,41.82.37.0/24
AS8346,41.82.42.0/24
AS8346,154.124.106.0/24
AS8346,154.125.137.0/24
AS8346,41.214.124.0/24
AS8346,154.124.51.0/24
AS8346,196.207.231.0/24
AS8346,41.214.54.0/24
AS8346,154.124.55.0/24
AS8346,154.125.73.0/24
AS8346,154.124.188.0/24
AS8346,154.125.234.0/24
AS8346,213.154.80.0/24
AS8346,213.154.77.0/24
AS8346,154.124.129.0/24
AS8346,41.82.52.0/24
AS8346,154.125.138.0/24
AS8346,154.125.153.0/24
AS8346,41.214.10.0/24
AS8346,41.82.41.0/24
AS8346,154.125.237.0/24
AS8346,154.125.156.0/24
AS8346,41.82.53.0/24
AS8346,154.125.147.0/24
AS8346,154.125.244.0/24
AS8346,154.124.237.0/24
AS8346,41.82.50.0/24
AS8452,197.44.15.0/24
AS8452,41.33.91.0/24
AS8452,196.219.93.0/24
AS8452,154.180.158.0/24
AS8452,41.45.234.0/24
AS8452,41.41.185.0/24
AS8452,41.33.159.0/24
AS8452,196.218.222.0/24
AS400619,154.202.119.0/24
as36992,154.236.187.0/24
as36992,41.65.118.0/24
as36992,41.153.30.0/24
as36992,197.199.224.0/24
AS327819,154.73.168.0/24
AS399077,154.82.111.0/24
AS399077,154.82.113.0/24
AS138915,154.90.59.0/24
AS212552,156.253.5.0/24
AS212552,154.91.170.0/24
AS37611,156.155.16.0/24
AS134489,203.128.10.0/24
AS134489,156.238.86.0/24
AS139646,156.245.239.0/24
AS139057,156.246.18.0/24
AS135269,157.119.200.0/24
AS138115,202.155.157.0/24
AS138115,157.15.124.0/24
AS152448,157.15.59.0/24
AS150187,157.15.73.0/24
AS4764,157.211.4.0/24
AS152488,157.66.144.0/24
AS152510,157.66.191.0/24
AS149107,157.66.26.0/24
AS8075,158.158.41.0/24
AS8075,158.158.114.0/24
AS8075,158.158.124.0/24
AS8075,158.158.35.0/24
AS8075,158.158.105.0/24
AS8075,158.158.74.0/24
AS8075,158.158.42.0/24
AS8075,158.158.43.0/24
AS328364,160.119.249.0/24
AS153328,160.187.54.0/24
AS153416,160.191.244.0/24
AS33763,160.242.45.0/24
AS139043,160.250.51.0/24
AS153523,161.248.189.0/24
AS17639,161.49.89.0/24
AS17639,27.49.15.0/24
AS137872,161.81.253.0/24
AS135061,163.177.76.0/24
AS153685,163.223.93.0/24
AS134943,163.61.33.0/24
AS328196,164.160.10.0/24
AS58768,165.101.23.0/24
AS154083,165.101.254.0/24
AS37049,165.16.186.0/24
AS140577,168.100.149.0/24
AS14988,168.167.228.0/24
AS14988,168.167.72.0/24
AS14988,168.167.81.0/24
AS151734,168.220.234.0/24
AS37347,168.253.118.0/24
AS18013,168.76.131.0/24
AS327813,169.255.56.0/24
AS138345,171.0.227.0/24
AS138345,171.1.126.0/24
AS55352,175.100.177.0/24
AS23888,175.107.32.0/24
AS23888,203.124.42.0/24
AS4773,175.156.158.0/24
AS4773,175.156.127.0/24
AS135478,175.158.43.0/24
AS133661,180.188.253.0/24
AS7713,36.95.221.0/24
AS7713,36.95.194.0/24
AS7713,36.91.81.0/24
AS7713,36.93.249.0/24
AS7713,36.91.166.0/24
AS7713,36.71.181.0/24
AS7713,36.93.144.0/24
AS7713,180.252.148.0/24
AS7713,36.71.188.0/24
AS7713,36.69.144.0/24
AS7713,36.92.6.0/24
AS7713,36.76.83.0/24
AS7602,180.93.42.0/24
AS45753,182.16.46.0/24
AS45753,182.16.41.0/24
AS45753,182.16.89.0/24
AS45753,182.16.35.0/24
AS24323,182.160.114.0/24
AS18229,182.18.180.0/24
AS18229,36.255.3.0/24
AS18229,182.18.161.0/24
AS9231,182.239.83.0/24
AS9231,182.239.78.0/24
AS9231,182.239.110.0/24
AS23693,182.8.226.0/24
AS23693,182.8.182.0/24
AS23693,182.8.229.0/24
AS55577,183.82.111.0/24
AS55577,183.82.126.0/24
AS55577,183.82.108.0/24
AS55577,183.82.97.0/24
AS45903,203.205.37.0/24
AS45903,42.96.43.0/24
AS45903,202.134.19.0/24
AS45903,183.91.11.0/24
AS131127,183.91.186.0/24
AS142220,192.135.210.0/24
AS21491,196.0.113.0/24
AS21491,196.0.122.0/24
AS21491,196.0.14.0/24
AS21491,196.0.120.0/24
AS21491,196.0.41.0/24
AS24757,196.188.93.0/24
AS24757,196.189.237.0/24
AS24757,196.188.63.0/24
AS24757,196.190.180.0/24
AS24757,196.191.142.0/24
AS24757,196.188.187.0/24
AS24757,196.189.126.0/24
AS24757,196.189.124.0/24
AS24757,196.190.220.0/24
AS24757,196.188.168.0/24
AS24757,197.156.97.0/24
AS24757,196.189.59.0/24
AS24757,196.190.43.0/24
AS24757,196.189.51.0/24
AS37518,196.247.213.0/24
AS37518,196.196.253.0/24
AS37518,196.199.40.0/24
AS15399,196.207.177.0/24
AS30844,197.155.225.0/24
AS30844,41.191.229.0/24
AS30844,196.216.81.0/24
AS30619,196.28.226.0/24
AS25543,196.28.242.0/24
AS37183,196.29.34.0/24
AS11845,41.193.88.0/24
AS11845,196.41.207.0/24
AS36884,197.146.131.0/24
AS37451,197.157.252.0/24
AS37133,197.186.70.0/24
AS37342,197.219.208.0/24
AS37342,197.219.210.0/24
AS37342,197.219.228.0/24
AS37204,197.221.232.0/24
AS23889,197.227.8.0/24
AS23889,197.225.146.0/24
AS37563,197.231.202.0/24
AS37619,197.243.0.0/24
AS33771,197.248.15.0/24
AS33771,197.248.34.0/24
AS33771,197.248.8.0/24
AS33771,41.90.100.0/24
AS29614,197.251.193.0/24
AS37323,197.255.198.0/24
AS2609,197.5.145.0/24
AS58487,202.10.47.0/24
AS58487,202.10.45.0/24
AS46042,202.125.94.0/24
AS55342,202.131.1.0/24
AS38149,202.152.204.0/24
AS38149,202.152.201.0/24
AS133674,202.160.145.0/24
AS38030,202.161.191.0/24
AS18206,202.165.22.0/24
AS18206,202.165.16.0/24
AS18206,202.165.15.0/24
AS18206,202.165.17.0/24
AS18206,202.165.29.0/24
AS56089,202.166.176.0/24
AS9930,202.184.141.0/24
AS9930,203.121.40.0/24
AS45707,202.43.117.0/24
AS9422,202.43.228.0/24
AS10220,202.51.214.0/24
AS23647,202.51.94.0/24
AS136482,202.53.141.0/24
AS17483,202.62.74.0/24
AS150008,202.65.133.0/24
AS38517,202.65.229.0/24
AS24492,202.79.29.0/24
AS9230,202.84.34.0/24
AS38861,203.116.129.0/24
AS7590,203.124.32.0/24
AS7590,203.124.44.0/24
AS17911,203.128.0.0/24
AS17976,203.144.76.0/24
AS4618,203.150.107.0/24
AS4618,203.154.158.0/24
AS7693,203.155.253.0/24
AS4750,203.170.129.0/24
AS17665,203.192.232.0/24
AS17665,203.192.245.0/24
AS17665,45.118.106.0/24
AS7633,203.193.147.0/24
AS7633,203.193.137.0/24
AS7633,203.193.168.0/24
AS45510,203.196.42.0/24
AS6453,203.199.243.0/24
AS17882,66.181.171.0/24
AS17882,203.23.199.0/24
AS55722,203.98.229.0/24
AS9929,210.13.99.0/24
AS24122,210.4.68.0/24
AS55430,218.212.131.0/24
AS9329,220.247.224.0/24
AS142115,222.167.161.0/24
AS59257,223.123.65.0/24
AS9304,223.17.5.0/24
AS55652,27.121.83.0/24
AS55811,27.124.111.0/24
AS23688,27.147.195.0/24
AS63940,27.254.152.0/24
AS17501,27.34.68.0/24
AS17501,27.34.66.0/24
AS17816,58.252.142.0/24
AS17816,27.39.128.0/24
AS17816,27.39.130.0/24
AS9394,36.212.31.0/24
AS9394,61.233.4.0/24
AS43260,36.255.98.0/24
AS38623,36.37.203.0/24
AS38623,36.37.194.0/24
AS24863,41.178.230.0/24
AS24863,45.246.70.0/24
AS24863,41.128.181.0/24
AS35091,41.139.11.0/24
AS35091,41.139.10.0/24
AS35091,41.139.46.0/24
AS35091,41.211.16.0/24
AS35091,41.139.0.0/24
AS35091,41.211.4.0/24
AS35091,41.139.44.0/24
AS35091,41.139.9.0/24
AS16058,41.158.48.0/24
AS327931,41.220.144.0/24
AS327931,41.220.146.0/24
AS327931,41.200.20.0/24
AS15808,41.215.125.0/24
AS139989,41.216.178.0/24
AS139989,41.216.177.0/24
AS328459,41.216.215.0/24
AS328459,41.216.209.0/24
AS328459,41.216.211.0/24
AS36901,41.220.3.0/24
AS22690,41.242.142.0/24
AS33765,41.59.228.0/24
AS33765,41.59.229.0/24
AS37532,41.63.62.0/24
AS37004,41.73.0.0/24
AS37187,41.75.114.0/24
AS37209,41.76.86.0/24
AS37317,41.79.19.0/24
AS327770,41.79.59.0/24
AS36958,41.86.34.0/24
AS36914,41.89.128.0/24
AS37182,41.93.28.0/24
AS134963,8.218.188.0/24
AS134963,8.210.124.0/24
AS134963,8.221.139.0/24
AS134963,8.218.60.0/24
AS134963,8.218.120.0/24
AS134963,43.108.17.0/24
AS134963,8.218.40.0/24
AS134963,8.210.220.0/24
AS134963,8.217.45.0/24
AS134963,43.108.22.0/24
AS134963,43.99.245.0/24
AS134963,8.217.12.0/24
AS134963,8.217.38.0/24
AS134963,8.213.81.0/24
AS134963,8.210.36.0/24
AS134963,43.100.43.0/24
AS134963,8.219.238.0/24
AS134963,8.213.226.0/24
AS134963,8.210.151.0/24
AS134963,8.213.210.0/24
AS134963,8.217.54.0/24
AS134963,43.106.63.0/24
AS134963,8.219.230.0/24
AS134963,8.210.54.0/24
AS134963,8.217.107.0/24
AS134963,43.110.139.0/24
AS45102,47.113.228.0/24
AS45102,47.113.221.0/24
AS45102,43.112.118.0/24
AS132750,43.227.185.0/24
AS133298,43.241.65.0/24
AS132787,43.242.247.0/24
AS131111,43.243.142.0/24
AS58717,43.245.143.0/24
AS131740,43.245.249.0/24
AS18103,43.248.27.0/24
AS62468,43.251.116.0/24
AS132933,45.120.120.0/24
AS134366,45.120.216.0/24
AS45775,45.123.110.0/24
AS133384,45.125.4.0/24
AS138995,45.194.37.0/24
AS136744,45.196.196.0/24
AS151407,45.196.236.0/24
AS142032,45.207.214.0/24
AS328076,45.222.48.0/24
AS38744,49.0.36.0/24
AS131269,49.204.232.0/24
AS133481,49.228.186.0/24
AS133481,49.228.244.0/24
AS133481,49.228.84.0/24
AS17762,49.248.75.0/24
AS134103,49.51.202.0/24
AS134103,49.51.166.0/24
AS139007,58.18.103.0/24
AS17622,58.249.151.0/24
AS17622,58.249.128.0/24
AS17622,58.249.152.0/24
AS17429,58.30.60.0/24
AS17813,59.183.112.0/24
AS17813,59.184.221.0/24
AS17813,59.177.100.0/24
AS17813,59.184.177.0/24
AS19970,61.245.10.0/24
AS19970,61.245.11.0/24
AS10094,61.6.228.0/24
AS198949,66.116.205.0/24
