ip_range,ip_count
80.66.66.0/24,74
87.236.176.0/24,258
37.211.171.0/24,1
103.226.139.0/24,6
45.227.254.0/24,24
205.210.31.0/24,229
134.209.86.0/24,3
141.98.11.0/24,48
165.154.6.0/24,50
171.25.158.0/24,22
14.103.112.0/24,21
141.98.10.0/24,41
176.65.139.0/24,77
198.98.56.0/24,6
52.233.193.0/24,2
103.183.75.0/24,7
104.248.205.0/24,1
192.109.200.0/24,65
64.227.152.0/24,5
192.253.248.0/24,78
209.38.83.0/24,11
20.193.250.0/24,1
130.12.181.0/24,25
185.247.137.0/24,258
92.63.197.0/24,18
159.203.61.0/24,2
64.227.142.0/24,1
51.210.246.0/24,1
206.189.138.0/24,3
1.214.197.0/24,2
213.177.179.0/24,37
156.227.233.0/24,8
104.248.247.0/24,2
45.153.34.0/24,48
38.253.239.0/24,3
45.78.204.0/24,9
103.189.234.0/24,17
65.49.20.0/24,62
91.92.240.0/24,25
104.168.4.0/24,3
77.90.185.0/24,62
168.144.27.0/24,11
134.199.174.0/24,9
103.186.1.0/24,7
134.199.156.0/24,6
171.231.195.0/24,7
123.58.219.0/24,5
45.156.87.0/24,49
64.62.197.0/24,242
134.199.164.0/24,7
200.196.50.0/24,2
1.238.114.0/24,2
5.253.59.0/24,5
103.171.69.0/24,43
94.159.112.0/24,2
130.12.180.0/24,45
129.121.79.0/24,2
118.193.61.0/24,5
101.36.119.0/24,9
172.94.9.0/24,85
45.148.10.0/24,106
173.249.45.0/24,3
65.49.1.0/24,234
69.156.92.0/24,2
91.92.243.0/24,37
187.0.238.0/24,2
183.82.111.0/24,2
101.36.122.0/24,6
103.134.154.0/24,12
14.225.18.0/24,5
143.110.163.0/24,2
159.223.54.0/24,2
185.220.101.0/24,151
178.16.52.0/24,19
162.222.205.0/24,2
201.249.87.0/24,3
116.110.17.0/24,2
64.227.167.0/24,2
157.15.59.0/24,6
210.79.190.0/24,6
36.212.31.0/24,2
138.197.125.0/24,2
116.176.57.0/24,6
102.210.149.0/24,6
176.120.22.0/24,38
144.126.227.0/24,1
195.178.110.0/24,66
103.59.94.0/24,16
171.231.177.0/24,6
185.156.73.0/24,17
178.128.101.0/24,2
46.151.182.0/24,40
2.27.53.0/24,4
193.24.211.0/24,19
154.221.28.0/24,2
101.36.117.0/24,9
91.224.92.0/24,64
135.237.126.0/24,66
125.21.53.0/24,2
171.244.141.0/24,2
159.65.144.0/24,8
158.178.141.0/24,2
154.124.100.0/24,1
114.10.47.0/24,2
109.91.4.0/24,2
165.232.186.0/24,3
118.99.80.0/24,15
217.154.69.0/24,2
134.199.154.0/24,2
185.158.23.0/24,2
50.84.211.0/24,2
43.242.247.0/24,3
170.64.143.0/24,8
172.70.111.0/24,1
180.76.108.0/24,2
123.58.213.0/24,9
213.209.159.0/24,35
178.128.57.0/24,1
185.211.94.0/24,2
170.64.175.0/24,4
103.143.11.0/24,5
80.94.95.0/24,38
206.189.129.0/24,1
195.190.104.0/24,2
172.236.228.0/24,18
88.99.24.0/24,2
187.85.155.0/24,2
121.141.249.0/24,1
170.64.227.0/24,6
91.134.133.0/24,1
46.101.245.0/24,1
14.103.123.0/24,16
14.103.118.0/24,30
143.198.40.0/24,2
103.171.85.0/24,12
45.78.237.0/24,3
209.38.46.0/24,8
143.110.251.0/24,5
2.57.122.0/24,47
199.195.248.0/24,6
14.103.142.0/24,3
185.196.11.0/24,13
130.12.182.0/24,18
103.172.236.0/24,3
45.64.74.0/24,5
185.93.89.0/24,84
203.170.129.0/24,3
170.64.236.0/24,3
87.251.64.0/24,53
80.94.92.0/24,61
103.192.38.0/24,2
216.155.93.0/24,2
167.172.63.0/24,1
103.154.77.0/24,3
14.103.115.0/24,25
178.16.54.0/24,26
193.32.162.0/24,72
103.189.235.0/24,14
103.174.114.0/24,6
37.110.113.0/24,2
81.170.248.0/24,2
129.213.146.0/24,2
118.122.147.0/24,4
210.79.191.0/24,21
203.145.34.0/24,15
27.79.44.0/24,14
154.221.27.0/24,2
78.42.241.0/24,2
118.121.203.0/24,2
45.79.147.0/24,7
103.176.20.0/24,4
119.167.206.0/24,2
152.32.215.0/24,6
167.99.95.0/24,2
20.14.73.0/24,8
142.93.47.0/24,2
203.221.12.0/24,2
138.68.164.0/24,1
61.76.112.0/24,3
103.63.25.0/24,17
180.76.244.0/24,2
103.203.57.0/24,22
101.36.106.0/24,13
31.58.137.0/24,1
5.182.26.0/24,2
134.209.151.0/24,5
96.78.175.0/24,4
124.251.110.0/24,2
69.12.83.0/24,5
139.59.95.0/24,4
112.124.1.0/24,2
220.203.28.0/24,2
45.207.214.0/24,1
104.23.217.0/24,1
43.155.40.0/24,3
159.89.50.0/24,3
118.35.127.0/24,2
161.35.157.0/24,2
116.50.179.0/24,2
101.36.127.0/24,8
14.103.105.0/24,9
139.59.66.0/24,8
69.6.250.0/24,2
165.154.254.0/24,5
139.59.212.0/24,1
176.65.132.0/24,50
27.79.41.0/24,16
209.38.82.0/24,11
211.105.129.0/24,2
104.23.170.0/24,2
116.176.76.0/24,3
45.56.111.0/24,10
45.137.172.0/24,2
144.31.137.0/24,6
91.202.233.0/24,3
45.232.73.0/24,2
178.62.250.0/24,1
134.199.149.0/24,4
87.16.197.0/24,2
112.216.120.0/24,2
185.91.69.0/24,49
209.38.226.0/24,2
171.243.151.0/24,14
96.126.108.0/24,12
27.79.3.0/24,7
39.117.79.0/24,2
102.23.122.0/24,2
159.203.89.0/24,2
110.164.228.0/24,2
103.191.92.0/24,11
200.80.250.0/24,1
191.101.59.0/24,7
46.29.238.0/24,4
137.184.172.0/24,7
45.78.230.0/24,2
103.172.20.0/24,2
101.47.143.0/24,9
170.80.65.0/24,2
135.220.188.0/24,1
206.189.134.0/24,1
209.38.89.0/24,11
190.181.27.0/24,4
103.143.238.0/24,4
172.208.24.0/24,3
2.81.52.0/24,2
89.190.156.0/24,35
103.143.72.0/24,3
101.47.162.0/24,15
157.245.75.0/24,3
171.231.198.0/24,10
202.165.17.0/24,2
152.53.248.0/24,1
68.183.236.0/24,5
58.208.84.0/24,2
37.120.213.0/24,2
167.99.180.0/24,9
190.111.203.0/24,1
144.48.8.0/24,6
103.59.95.0/24,13
157.245.183.0/24,2
167.71.18.0/24,2
49.247.36.0/24,2
14.116.254.0/24,3
64.227.154.0/24,5
172.104.31.0/24,16
101.126.64.0/24,2
20.123.146.0/24,8
124.152.76.0/24,6
120.48.135.0/24,3
172.190.89.0/24,2
62.171.128.0/24,2
171.211.125.0/24,2
103.76.120.0/24,29
142.93.208.0/24,7
101.47.161.0/24,40
37.112.48.0/24,1
103.52.114.0/24,4
164.92.219.0/24,7
61.85.201.0/24,2
27.150.188.0/24,3
20.26.135.0/24,2
139.59.29.0/24,3
178.128.227.0/24,2
45.183.218.0/24,1
138.2.57.0/24,1
35.188.112.0/24,1
170.64.212.0/24,5
156.227.232.0/24,11
134.209.211.0/24,2
193.46.255.0/24,26
179.36.102.0/24,2
209.38.88.0/24,7
134.199.150.0/24,4
156.238.230.0/24,1
113.125.165.0/24,3
117.50.199.0/24,2
209.38.31.0/24,8
139.59.112.0/24,2
103.98.152.0/24,2
139.59.59.0/24,8
115.190.74.0/24,3
118.193.34.0/24,4
27.79.45.0/24,9
165.227.3.0/24,2
195.158.4.0/24,2
106.58.166.0/24,2
61.216.105.0/24,2
135.237.122.0/24,6
51.79.67.0/24,2
165.154.36.0/24,28
165.245.138.0/24,2
76.79.213.0/24,4
116.110.211.0/24,3
209.38.23.0/24,7
165.22.125.0/24,4
89.47.53.0/24,2
64.227.164.0/24,1
139.59.239.0/24,1
46.101.83.0/24,3
69.164.210.0/24,13
104.131.233.0/24,1
8.245.17.0/24,2
189.152.44.0/24,1
202.165.16.0/24,5
152.42.135.0/24,2
103.250.11.0/24,16
64.227.131.0/24,6
82.22.21.0/24,2
178.128.243.0/24,2
172.236.189.0/24,6
159.65.77.0/24,3
185.196.9.0/24,7
170.64.230.0/24,8
175.100.24.0/24,2
104.248.164.0/24,3
103.215.80.0/24,3
172.185.24.0/24,2
117.187.180.0/24,8
220.76.68.0/24,2
35.222.117.0/24,2
165.227.83.0/24,2
107.150.119.0/24,6
92.118.39.0/24,76
184.189.6.0/24,2
103.114.146.0/24,2
14.224.227.0/24,2
202.188.47.0/24,2
45.158.59.0/24,2
95.114.83.0/24,2
187.16.96.0/24,2
69.74.29.0/24,3
64.227.13.0/24,2
144.31.186.0/24,3
171.231.194.0/24,11
134.199.148.0/24,7
202.65.133.0/24,2
103.67.78.0/24,23
152.32.171.0/24,8
119.84.148.0/24,2
165.154.227.0/24,12
161.35.173.0/24,3
64.227.157.0/24,8
14.103.114.0/24,20
152.32.144.0/24,3
157.245.194.0/24,1
103.217.144.0/24,7
114.35.59.0/24,2
159.65.24.0/24,1
220.80.223.0/24,2
171.231.192.0/24,16
45.55.82.0/24,2
152.42.206.0/24,1
150.5.169.0/24,4
165.22.223.0/24,6
103.158.206.0/24,2
165.154.205.0/24,3
123.58.210.0/24,3
164.92.177.0/24,2
118.194.234.0/24,5
165.232.151.0/24,2
158.174.210.0/24,3
189.244.46.0/24,1
210.209.70.0/24,2
163.227.230.0/24,2
103.23.199.0/24,4
101.36.108.0/24,14
101.126.142.0/24,1
14.18.122.0/24,2
178.128.46.0/24,2
179.51.153.0/24,3
172.104.215.0/24,7
81.29.142.0/24,4
167.99.68.0/24,1
129.212.238.0/24,1
134.199.162.0/24,11
102.208.34.0/24,1
181.116.220.0/24,3
182.180.57.0/24,2
101.47.8.0/24,3
74.91.224.0/24,3
160.251.251.0/24,2
162.158.63.0/24,3
162.243.21.0/24,1
103.53.231.0/24,3
94.26.106.0/24,32
81.23.173.0/24,2
139.59.71.0/24,7
103.187.147.0/24,16
103.176.78.0/24,5
101.47.142.0/24,38
20.214.145.0/24,2
185.236.25.0/24,2
51.68.65.0/24,2
159.65.153.0/24,5
170.64.185.0/24,6
159.89.121.0/24,8
103.86.198.0/24,4
69.5.189.0/24,9
34.123.134.0/24,2
156.236.75.0/24,8
34.95.197.0/24,2
186.19.136.0/24,1
20.12.41.0/24,3
125.212.192.0/24,2
140.246.70.0/24,2
159.89.53.0/24,10
139.59.2.0/24,1
171.213.135.0/24,1
101.47.49.0/24,24
143.110.178.0/24,5
158.220.98.0/24,2
170.64.221.0/24,1
43.156.203.0/24,2
134.209.95.0/24,4
68.183.204.0/24,3
152.32.129.0/24,10
89.188.72.0/24,3
134.199.159.0/24,8
102.211.234.0/24,3
69.6.220.0/24,2
45.123.110.0/24,2
8.213.210.0/24,2
103.193.178.0/24,10
159.65.51.0/24,1
116.110.18.0/24,10
123.187.241.0/24,2
143.198.213.0/24,2
38.178.41.0/24,2
146.190.218.0/24,4
125.91.17.0/24,2
1.222.42.0/24,2
107.170.26.0/24,1
101.47.48.0/24,11
208.69.84.0/24,2
170.64.237.0/24,9
14.225.205.0/24,3
27.79.4.0/24,10
170.64.224.0/24,2
103.82.92.0/24,7
43.226.36.0/24,4
189.50.142.0/24,4
103.139.193.0/24,9
213.74.255.0/24,2
116.193.190.0/24,7
99.92.204.0/24,3
123.234.3.0/24,2
165.232.163.0/24,1
103.49.238.0/24,16
101.36.124.0/24,3
130.51.21.0/24,4
134.199.166.0/24,6
43.160.206.0/24,3
161.35.43.0/24,1
103.186.0.0/24,12
163.177.76.0/24,3
131.161.249.0/24,2
34.71.30.0/24,2
51.254.103.0/24,2
104.28.155.0/24,11
159.65.220.0/24,2
150.5.129.0/24,3
185.40.30.0/24,2
103.187.146.0/24,7
198.74.62.0/24,4
165.154.20.0/24,4
139.59.181.0/24,3
207.180.208.0/24,1
121.29.4.0/24,10
202.184.141.0/24,2
184.22.25.0/24,1
45.144.233.0/24,3
201.124.54.0/24,1
128.1.131.0/24,3
121.142.87.0/24,2
147.50.231.0/24,3
171.231.190.0/24,7
163.7.8.0/24,5
188.32.148.0/24,3
59.36.171.0/24,1
186.236.237.0/24,2
165.154.231.0/24,5
152.200.217.0/24,2
43.156.71.0/24,2
212.11.64.0/24,6
172.68.119.0/24,2
172.71.191.0/24,4
170.64.192.0/24,3
47.74.51.0/24,2
189.147.237.0/24,1
5.161.218.0/24,1
94.159.111.0/24,1
14.103.107.0/24,7
159.195.60.0/24,1
27.79.7.0/24,8
182.52.236.0/24,2
152.32.140.0/24,6
103.196.132.0/24,3
161.97.73.0/24,2
161.248.201.0/24,4
130.162.132.0/24,2
185.213.175.0/24,8
127.0.0.0/24,1
157.245.13.0/24,2
109.244.69.0/24,2
183.91.11.0/24,2
165.154.22.0/24,12
101.47.50.0/24,23
45.39.12.0/24,4
103.52.115.0/24,5
115.191.22.0/24,3
72.56.85.0/24,2
209.208.221.0/24,2
101.47.140.0/24,29
162.248.100.0/24,1
49.207.244.0/24,1
116.110.150.0/24,5
118.193.33.0/24,15
123.48.142.0/24,2
164.92.215.0/24,6
188.149.149.0/24,1
211.213.96.0/24,5
112.120.171.0/24,2
103.82.37.0/24,4
178.62.42.0/24,2
103.115.41.0/24,2
152.32.191.0/24,4
121.165.204.0/24,2
113.193.234.0/24,2
209.38.90.0/24,7
107.150.103.0/24,14
93.123.109.0/24,62
160.191.244.0/24,2
222.119.187.0/24,2
104.223.21.0/24,3
201.186.40.0/24,3
171.244.61.0/24,5
134.199.172.0/24,12
206.189.102.0/24,2
190.221.50.0/24,2
152.32.206.0/24,15
119.203.251.0/24,2
170.64.226.0/24,3
118.193.36.0/24,12
143.110.187.0/24,9
103.13.206.0/24,14
152.32.188.0/24,4
103.143.231.0/24,3
104.244.74.0/24,6
198.74.57.0/24,12
187.51.208.0/24,2
36.71.188.0/24,1
46.101.87.0/24,2
106.51.92.0/24,2
190.119.198.0/24,2
192.227.229.0/24,3
103.139.192.0/24,5
103.163.116.0/24,2
68.183.82.0/24,6
83.235.16.0/24,2
134.209.144.0/24,2
103.183.74.0/24,9
89.168.53.0/24,1
154.90.54.0/24,2
1.55.33.0/24,2
116.176.58.0/24,5
223.17.5.0/24,2
167.71.232.0/24,3
43.160.200.0/24,3
218.157.205.0/24,2
178.128.117.0/24,4
49.0.200.0/24,2
201.245.201.0/24,2
5.37.170.0/24,2
45.93.30.0/24,3
46.101.230.0/24,2
103.237.144.0/24,2
104.237.150.0/24,5
128.199.129.0/24,2
104.131.89.0/24,1
200.39.46.0/24,2
118.99.115.0/24,1
107.172.235.0/24,5
157.10.160.0/24,5
106.227.33.0/24,2
104.23.221.0/24,2
115.190.188.0/24,2
34.91.248.0/24,2
132.145.213.0/24,2
134.209.197.0/24,4
159.65.155.0/24,5
27.111.32.0/24,2
57.129.5.0/24,1
188.37.194.0/24,2
118.182.166.0/24,2
5.180.25.0/24,1
34.78.29.0/24,2
167.99.210.0/24,2
101.47.141.0/24,21
182.253.156.0/24,3
192.99.169.0/24,2
92.119.126.0/24,1
157.245.104.0/24,1
36.64.190.0/24,2
202.79.29.0/24,2
14.63.198.0/24,2
173.249.52.0/24,2
118.114.15.0/24,2
60.188.243.0/24,2
172.70.130.0/24,4
51.15.145.0/24,1
172.71.190.0/24,1
64.89.161.0/24,8
118.26.36.0/24,8
178.62.15.0/24,1
120.52.12.0/24,2
67.205.181.0/24,2
154.91.81.0/24,1
159.223.197.0/24,2
162.158.158.0/24,1
119.192.36.0/24,1
134.122.101.0/24,2
167.71.231.0/24,1
43.128.81.0/24,2
41.82.42.0/24,2
49.72.111.0/24,3
152.250.243.0/24,2
52.237.80.0/24,2
159.223.229.0/24,2
209.38.81.0/24,5
170.64.155.0/24,1
43.162.97.0/24,2
159.65.95.0/24,3
197.5.145.0/24,10
139.59.33.0/24,3
106.251.244.0/24,2
152.42.203.0/24,2
152.32.186.0/24,4
121.224.5.0/24,2
165.232.179.0/24,8
162.243.88.0/24,1
222.110.147.0/24,3
209.38.95.0/24,9
209.97.142.0/24,1
45.129.185.0/24,2
131.255.240.0/24,3
213.112.126.0/24,3
82.153.157.0/24,4
152.228.131.0/24,2
64.23.237.0/24,1
139.59.40.0/24,6
20.49.0.0/24,2
120.193.9.0/24,4
178.185.136.0/24,2
103.160.213.0/24,2
116.193.191.0/24,12
14.103.127.0/24,22
165.22.53.0/24,2
139.59.183.0/24,4
103.193.176.0/24,2
139.59.89.0/24,7
143.110.186.0/24,4
203.150.107.0/24,2
179.32.33.0/24,2
134.199.161.0/24,8
134.209.18.0/24,1
152.32.163.0/24,2
172.237.38.0/24,10
24.199.125.0/24,1
134.199.175.0/24,5
136.248.247.0/24,2
138.197.172.0/24,1
186.115.118.0/24,1
118.127.40.0/24,2
161.35.8.0/24,3
171.243.148.0/24,8
172.236.188.0/24,3
220.118.173.0/24,2
196.92.7.0/24,5
103.192.39.0/24,2
170.64.151.0/24,2
45.249.247.0/24,5
107.170.65.0/24,3
43.157.202.0/24,2
54.39.20.0/24,2
216.189.157.0/24,2
178.128.167.0/24,2
101.36.107.0/24,7
106.12.241.0/24,2
160.251.169.0/24,2
171.244.37.0/24,6
103.140.127.0/24,2
64.23.161.0/24,2
203.6.235.0/24,3
103.4.145.0/24,2
190.99.145.0/24,1
101.96.230.0/24,2
20.83.161.0/24,1
5.195.226.0/24,3
220.81.148.0/24,1
14.37.160.0/24,2
60.244.155.0/24,4
104.23.253.0/24,2
125.91.140.0/24,2
27.112.78.0/24,5
34.175.118.0/24,2
40.117.97.0/24,2
170.64.177.0/24,12
113.164.66.0/24,1
49.232.147.0/24,1
188.166.181.0/24,3
46.236.203.0/24,2
14.103.150.0/24,2
172.174.17.0/24,2
103.176.79.0/24,8
139.59.78.0/24,2
185.153.231.0/24,2
209.38.102.0/24,4
79.168.139.0/24,2
64.181.175.0/24,1
147.50.227.0/24,2
157.10.252.0/24,1
103.172.28.0/24,2
103.250.10.0/24,7
209.38.85.0/24,8
151.47.89.0/24,1
103.181.143.0/24,12
221.139.88.0/24,2
106.75.19.0/24,3
124.155.125.0/24,2
135.125.200.0/24,2
142.93.103.0/24,3
103.154.158.0/24,2
161.35.35.0/24,4
134.199.157.0/24,6
103.43.191.0/24,2
123.157.223.0/24,2
14.63.225.0/24,2
103.172.205.0/24,5
61.245.10.0/24,1
62.3.56.0/24,2
68.183.41.0/24,2
121.125.70.0/24,2
134.209.252.0/24,2
172.174.5.0/24,2
3.134.216.0/24,2
222.114.185.0/24,2
117.173.77.0/24,2
143.110.253.0/24,4
170.64.181.0/24,1
223.233.87.0/24,2
45.78.198.0/24,15
134.209.158.0/24,3
116.71.136.0/24,2
196.0.120.0/24,5
69.6.221.0/24,2
61.245.11.0/24,5
189.206.155.0/24,2
114.217.10.0/24,3
164.90.138.0/24,3
185.239.87.0/24,2
85.225.135.0/24,3
165.154.5.0/24,8
198.211.104.0/24,1
187.210.77.0/24,2
185.227.153.0/24,3
36.69.144.0/24,2
115.68.89.0/24,2
172.71.222.0/24,1
155.4.244.0/24,6
49.173.65.0/24,3
68.183.201.0/24,2
217.154.192.0/24,3
154.209.4.0/24,5
180.76.192.0/24,1
209.38.86.0/24,4
185.196.10.0/24,12
143.198.49.0/24,1
167.172.171.0/24,2
20.40.45.0/24,2
185.196.8.0/24,6
103.109.187.0/24,2
103.23.198.0/24,5
213.154.77.0/24,2
167.71.48.0/24,4
178.62.203.0/24,1
202.4.106.0/24,2
207.154.254.0/24,3
95.231.249.0/24,2
172.174.72.0/24,2
134.199.144.0/24,4
206.189.120.0/24,4
202.165.22.0/24,3
14.116.207.0/24,2
101.36.123.0/24,6
218.60.77.0/24,2
61.72.55.0/24,2
159.65.88.0/24,1
5.161.207.0/24,1
216.108.236.0/24,2
14.103.149.0/24,3
123.58.215.0/24,3
103.24.217.0/24,2
121.229.191.0/24,2
125.142.37.0/24,2
112.78.1.0/24,2
115.241.83.0/24,2
200.108.174.0/24,2
197.199.224.0/24,2
171.231.185.0/24,2
104.248.244.0/24,2
2.57.121.0/24,18
160.191.89.0/24,3
162.19.252.0/24,1
103.61.123.0/24,3
102.88.137.0/24,5
103.86.180.0/24,4
101.126.22.0/24,3
183.81.33.0/24,2
119.12.169.0/24,1
39.109.104.0/24,3
159.198.40.0/24,1
159.203.120.0/24,2
167.71.237.0/24,7
64.226.89.0/24,3
177.94.206.0/24,2
47.85.133.0/24,1
64.227.175.0/24,10
188.166.92.0/24,1
209.38.122.0/24,1
167.71.115.0/24,2
188.166.151.0/24,1
74.87.117.0/24,2
212.16.87.0/24,2
47.180.114.0/24,2
66.154.119.0/24,3
88.147.30.0/24,2
209.38.22.0/24,5
162.243.116.0/24,2
45.66.228.0/24,3
61.171.95.0/24,2
181.191.128.0/24,2
103.103.245.0/24,6
118.145.233.0/24,2
23.95.128.0/24,2
64.227.133.0/24,1
89.40.31.0/24,3
152.32.132.0/24,6
34.91.0.0/24,2
154.241.49.0/24,4
192.140.173.0/24,3
35.200.201.0/24,2
139.59.44.0/24,4
116.110.215.0/24,5
157.245.77.0/24,2
188.166.224.0/24,2
68.233.116.0/24,2
103.117.148.0/24,1
46.101.92.0/24,1
201.49.108.0/24,2
97.107.135.0/24,8
177.126.130.0/24,2
203.116.129.0/24,2
111.119.235.0/24,2
103.101.216.0/24,3
143.110.171.0/24,2
183.110.116.0/24,4
104.248.160.0/24,2
117.216.143.0/24,2
172.70.38.0/24,1
103.210.22.0/24,4
78.44.192.0/24,2
116.110.219.0/24,3
46.26.43.0/24,2
209.38.27.0/24,3
154.73.168.0/24,2
185.216.119.0/24,2
74.208.198.0/24,1
187.251.123.0/24,2
211.46.177.0/24,2
20.203.59.0/24,2
150.95.27.0/24,1
118.186.208.0/24,2
103.146.202.0/24,4
176.79.4.0/24,1
169.255.56.0/24,2
83.236.176.0/24,2
116.176.75.0/24,2
64.227.138.0/24,2
167.71.66.0/24,3
209.38.120.0/24,3
117.216.211.0/24,2
125.94.106.0/24,3
223.247.153.0/24,2
82.97.17.0/24,2
134.112.56.0/24,2
115.91.48.0/24,2
45.204.209.0/24,1
172.214.209.0/24,2
161.248.189.0/24,3
170.64.234.0/24,7
45.162.8.0/24,3
159.65.62.0/24,2
120.48.59.0/24,4
14.103.120.0/24,11
103.27.36.0/24,2
103.61.122.0/24,3
31.193.137.0/24,2
152.53.32.0/24,2
114.67.87.0/24,2
172.104.210.0/24,6
43.164.0.0/24,2
14.22.82.0/24,2
13.81.183.0/24,5
62.14.96.0/24,3
58.249.152.0/24,1
209.38.69.0/24,3
41.111.178.0/24,2
159.65.89.0/24,1
139.59.103.0/24,1
166.248.3.0/24,2
170.64.191.0/24,6
157.245.197.0/24,2
164.92.153.0/24,3
87.248.237.0/24,2
165.101.23.0/24,3
114.111.54.0/24,2
198.199.123.0/24,3
185.239.84.0/24,2
51.15.19.0/24,3
89.126.209.0/24,3
50.6.193.0/24,2
176.79.30.0/24,1
182.93.7.0/24,2
103.150.65.0/24,2
36.93.144.0/24,3
134.199.145.0/24,7
187.111.28.0/24,2
170.64.138.0/24,6
211.107.237.0/24,1
203.121.40.0/24,2
154.236.187.0/24,2
45.89.63.0/24,1
157.245.111.0/24,6
38.254.187.0/24,1
222.108.100.0/24,2
181.188.176.0/24,6
123.139.118.0/24,2
152.32.213.0/24,6
163.7.3.0/24,2
180.213.44.0/24,2
154.91.170.0/24,4
163.7.9.0/24,4
189.203.163.0/24,3
81.193.216.0/24,2
152.32.134.0/24,5
34.0.13.0/24,2
45.79.5.0/24,2
146.190.225.0/24,1
49.228.84.0/24,6
194.164.59.0/24,2
101.126.55.0/24,5
170.64.207.0/24,2
147.182.134.0/24,1
172.172.196.0/24,2
139.59.118.0/24,3
194.107.115.0/24,8
118.145.235.0/24,5
188.166.31.0/24,1
142.93.15.0/24,1
152.200.181.0/24,3
104.248.197.0/24,4
116.99.171.0/24,7
45.172.152.0/24,2
45.174.162.0/24,1
103.174.115.0/24,5
27.72.31.0/24,2
101.96.199.0/24,4
45.121.147.0/24,3
178.62.234.0/24,1
101.47.20.0/24,2
125.124.207.0/24,2
170.64.186.0/24,2
5.181.124.0/24,6
49.247.37.0/24,2
209.38.28.0/24,9
139.59.68.0/24,1
103.249.84.0/24,5
64.227.135.0/24,6
115.68.208.0/24,3
157.245.60.0/24,2
36.91.166.0/24,3
36.71.181.0/24,1
2.26.99.0/24,4
101.36.109.0/24,5
89.167.88.0/24,1
95.167.225.0/24,2
37.187.244.0/24,2
103.168.58.0/24,3
43.157.209.0/24,2
117.48.143.0/24,1
178.128.90.0/24,1
143.110.165.0/24,1
132.196.80.0/24,1
217.97.46.0/24,2
103.226.251.0/24,1
181.174.231.0/24,8
62.193.106.0/24,2
223.123.65.0/24,3
46.101.114.0/24,2
81.57.15.0/24,2
177.234.169.0/24,2
41.86.34.0/24,2
172.68.12.0/24,2
188.166.233.0/24,1
103.30.40.0/24,3
45.161.237.0/24,3
168.167.228.0/24,5
101.47.158.0/24,6
115.191.64.0/24,2
101.36.125.0/24,2
172.191.178.0/24,2
102.140.97.0/24,2
146.190.117.0/24,2
121.168.139.0/24,2
178.175.167.0/24,3
163.43.147.0/24,2
159.65.92.0/24,3
109.49.23.0/24,2
128.1.47.0/24,2
93.183.71.0/24,1
152.32.189.0/24,8
43.205.211.0/24,1
103.67.80.0/24,2
150.241.107.0/24,2
134.209.101.0/24,2
139.59.6.0/24,3
168.76.131.0/24,2
183.98.76.0/24,2
124.13.221.0/24,1
158.178.137.0/24,2
41.216.178.0/24,2
152.53.22.0/24,3
209.97.186.0/24,2
64.225.79.0/24,1
191.97.12.0/24,2
218.51.148.0/24,2
52.187.9.0/24,2
153.99.94.0/24,4
114.34.106.0/24,2
157.10.52.0/24,2
172.172.170.0/24,2
107.174.196.0/24,1
146.190.153.0/24,4
185.228.135.0/24,3
180.76.170.0/24,3
161.35.87.0/24,2
156.225.31.0/24,2
134.122.59.0/24,4
162.214.114.0/24,1
140.246.111.0/24,2
170.64.165.0/24,6
160.251.168.0/24,1
51.222.29.0/24,1
45.249.244.0/24,3
181.234.31.0/24,1
58.240.17.0/24,2
194.85.235.0/24,2
206.189.133.0/24,2
43.160.255.0/24,3
152.42.140.0/24,1
150.241.113.0/24,2
196.189.237.0/24,5
161.35.148.0/24,2
14.103.74.0/24,2
181.214.231.0/24,3
217.92.170.0/24,2
82.199.171.0/24,2
111.68.98.0/24,2
134.122.90.0/24,3
186.251.71.0/24,2
170.64.239.0/24,5
216.180.127.0/24,3
103.231.14.0/24,2
165.232.98.0/24,1
24.199.120.0/24,2
107.173.160.0/24,2
167.99.33.0/24,2
188.166.243.0/24,2
103.166.58.0/24,1
206.81.11.0/24,1
68.183.17.0/24,3
170.64.229.0/24,9
170.64.160.0/24,5
36.134.34.0/24,2
43.245.97.0/24,2
137.184.226.0/24,4
160.22.123.0/24,2
125.212.226.0/24,3
170.64.183.0/24,3
65.181.92.0/24,2
121.224.115.0/24,2
172.70.175.0/24,4
4.186.31.0/24,2
115.190.113.0/24,2
110.166.66.0/24,2
185.216.116.0/24,2
94.143.142.0/24,2
158.220.104.0/24,1
45.61.187.0/24,4
43.166.166.0/24,2
103.162.54.0/24,2
178.128.192.0/24,2
157.97.107.0/24,2
142.93.118.0/24,3
170.106.171.0/24,1
40.82.214.0/24,2
201.220.146.0/24,1
152.32.131.0/24,7
193.233.199.0/24,1
89.19.210.0/24,1
212.80.7.0/24,2
206.189.81.0/24,4
116.111.2.0/24,2
103.163.117.0/24,2
206.189.57.0/24,3
64.236.201.0/24,1
203.2.164.0/24,2
14.177.234.0/24,3
172.69.59.0/24,1
152.32.218.0/24,6
201.249.192.0/24,2
217.154.42.0/24,2
211.253.37.0/24,2
185.217.109.0/24,1
54.36.99.0/24,1
38.114.121.0/24,2
201.149.53.0/24,2
118.196.40.0/24,1
173.10.13.0/24,2
178.62.220.0/24,1
134.199.146.0/24,4
173.212.228.0/24,2
190.2.155.0/24,1
151.158.206.0/24,1
109.195.108.0/24,2
46.101.81.0/24,2
118.145.114.0/24,2
120.48.147.0/24,4
188.166.108.0/24,1
209.46.120.0/24,3
160.250.133.0/24,2
189.146.58.0/24,2
2.27.36.0/24,2
103.156.204.0/24,3
39.103.62.0/24,2
106.53.77.0/24,2
164.92.213.0/24,1
1.94.22.0/24,1
43.135.71.0/24,1
195.133.243.0/24,2
177.36.220.0/24,2
186.113.241.0/24,1
72.79.42.0/24,2
143.198.234.0/24,1
27.79.1.0/24,8
193.233.48.0/24,2
83.111.76.0/24,3
116.177.173.0/24,1
186.96.151.0/24,2
70.66.77.0/24,2
181.49.117.0/24,2
85.184.248.0/24,2
159.203.112.0/24,3
58.69.56.0/24,2
116.110.2.0/24,2
72.253.251.0/24,5
118.193.69.0/24,3
207.154.206.0/24,1
219.219.155.0/24,1
172.68.68.0/24,1
43.157.151.0/24,2
221.207.55.0/24,2
102.69.239.0/24,2
103.179.56.0/24,8
45.186.251.0/24,2
154.83.196.0/24,2
125.124.22.0/24,1
168.167.72.0/24,2
209.38.68.0/24,2
134.122.111.0/24,2
113.219.211.0/24,1
206.189.80.0/24,3
158.174.211.0/24,2
185.92.182.0/24,3
42.51.42.0/24,2
157.230.241.0/24,1
103.164.221.0/24,1
20.243.208.0/24,2
52.231.220.0/24,2
165.154.23.0/24,8
161.132.89.0/24,2
190.0.63.0/24,2
170.168.101.0/24,1
147.185.246.0/24,1
93.93.202.0/24,3
43.167.197.0/24,2
154.222.30.0/24,2
190.114.254.0/24,1
117.33.242.0/24,3
157.245.99.0/24,1
43.247.250.0/24,2
161.35.151.0/24,5
20.40.73.0/24,2
218.64.218.0/24,1
139.59.10.0/24,3
112.196.70.0/24,2
162.240.43.0/24,1
207.154.227.0/24,2
157.245.100.0/24,6
165.227.215.0/24,2
23.226.133.0/24,2
64.227.139.0/24,6
206.189.16.0/24,1
103.191.14.0/24,4
149.102.144.0/24,1
103.187.165.0/24,2
139.59.82.0/24,3
164.90.229.0/24,2
146.190.157.0/24,2
103.82.21.0/24,7
164.92.169.0/24,2
14.116.156.0/24,2
187.45.100.0/24,2
91.208.73.0/24,2
103.13.207.0/24,6
192.210.248.0/24,2
188.166.30.0/24,2
118.145.106.0/24,3
35.240.75.0/24,2
174.138.87.0/24,2
27.128.240.0/24,2
147.182.180.0/24,2
159.65.18.0/24,2
64.226.101.0/24,3
103.175.206.0/24,3
51.77.147.0/24,2
180.76.245.0/24,3
165.22.127.0/24,3
121.52.147.0/24,3
176.213.141.0/24,2
89.252.157.0/24,1
89.217.240.0/24,2
125.138.175.0/24,2
157.245.78.0/24,3
4.210.91.0/24,2
34.122.129.0/24,2
157.7.113.0/24,2
189.231.243.0/24,2
46.101.219.0/24,2
159.89.227.0/24,2
177.36.214.0/24,2
120.48.20.0/24,3
162.243.162.0/24,1
134.209.177.0/24,3
167.172.57.0/24,2
87.239.107.0/24,1
170.79.37.0/24,3
138.124.20.0/24,2
120.48.175.0/24,3
129.212.191.0/24,2
92.191.96.0/24,2
165.227.53.0/24,3
64.227.47.0/24,1
161.35.96.0/24,2
142.93.210.0/24,6
173.249.41.0/24,3
209.38.207.0/24,2
116.176.61.0/24,4
103.2.225.0/24,1
190.108.60.0/24,2
172.174.46.0/24,2
46.101.233.0/24,3
51.91.252.0/24,2
64.23.218.0/24,3
62.173.38.0/24,2
94.232.41.0/24,2
190.119.63.0/24,4
95.90.13.0/24,2
216.167.4.0/24,1
36.41.173.0/24,2
156.238.252.0/24,2
188.151.31.0/24,1
210.90.155.0/24,2
197.44.15.0/24,2
142.93.149.0/24,3
188.17.148.0/24,3
105.96.13.0/24,2
80.253.31.0/24,2
154.125.156.0/24,2
165.154.1.0/24,2
9.223.113.0/24,1
142.93.159.0/24,2
159.203.14.0/24,4
203.23.199.0/24,3
142.93.160.0/24,2
165.245.171.0/24,1
162.214.99.0/24,1
59.26.132.0/24,2
167.172.86.0/24,1
209.38.92.0/24,6
103.172.204.0/24,5
201.17.133.0/24,2
167.71.68.0/24,1
59.148.166.0/24,1
200.69.236.0/24,2
58.247.139.0/24,3
154.201.87.0/24,1
103.88.76.0/24,3
142.93.144.0/24,1
39.174.42.0/24,2
38.250.116.0/24,5
206.189.32.0/24,2
23.94.28.0/24,2
196.29.34.0/24,2
118.193.39.0/24,6
203.145.143.0/24,2
202.155.157.0/24,2
66.181.171.0/24,2
181.218.9.0/24,2
209.38.91.0/24,1
172.71.150.0/24,2
121.153.60.0/24,2
64.225.76.0/24,1
51.77.145.0/24,1
122.114.241.0/24,2
190.32.246.0/24,2
50.6.228.0/24,3
212.115.54.0/24,2
139.59.58.0/24,3
152.32.211.0/24,5
223.197.248.0/24,2
5.181.87.0/24,3
112.164.20.0/24,2
121.141.219.0/24,2
14.103.178.0/24,2
51.195.138.0/24,2
223.93.164.0/24,2
122.176.115.0/24,2
64.23.180.0/24,3
193.39.208.0/24,3
107.174.203.0/24,1
134.209.200.0/24,6
211.253.9.0/24,3
185.225.41.0/24,2
185.226.89.0/24,2
216.183.215.0/24,2
178.128.30.0/24,2
104.236.236.0/24,1
107.180.88.0/24,2
104.248.113.0/24,2
94.180.229.0/24,1
49.248.75.0/24,1
114.116.191.0/24,2
14.63.196.0/24,2
144.126.199.0/24,1
14.29.184.0/24,2
103.218.242.0/24,3
186.38.26.0/24,3
159.26.98.0/24,1
8.243.50.0/24,2
170.64.197.0/24,1
168.144.37.0/24,2
92.207.4.0/24,2
129.226.172.0/24,2
103.200.219.0/24,1
203.228.30.0/24,2
152.32.226.0/24,5
59.47.34.0/24,1
185.170.154.0/24,2
103.200.25.0/24,8
23.249.28.0/24,2
103.164.81.0/24,2
103.195.239.0/24,2
14.103.156.0/24,2
77.54.41.0/24,2
162.19.153.0/24,1
37.143.61.0/24,8
14.225.217.0/24,2
82.157.141.0/24,2
64.176.64.0/24,2
152.32.252.0/24,5
47.242.172.0/24,2
117.219.14.0/24,2
45.119.84.0/24,4
219.152.206.0/24,1
12.156.67.0/24,2
141.11.0.0/24,2
174.115.146.0/24,2
122.177.242.0/24,3
113.161.39.0/24,2
77.87.40.0/24,2
167.172.70.0/24,1
45.120.120.0/24,2
45.55.57.0/24,2
134.199.152.0/24,11
143.110.147.0/24,2
45.156.23.0/24,3
103.62.152.0/24,2
163.7.6.0/24,3
139.59.74.0/24,3
103.144.2.0/24,2
151.33.51.0/24,1
182.244.5.0/24,2
139.59.162.0/24,2
51.81.202.0/24,1
180.252.148.0/24,1
106.12.43.0/24,2
47.236.199.0/24,5
165.22.91.0/24,1
178.217.173.0/24,2
170.64.235.0/24,4
222.186.24.0/24,3
117.131.156.0/24,2
13.215.198.0/24,2
194.164.195.0/24,2
36.150.51.0/24,2
130.250.191.0/24,5
212.192.31.0/24,1
4.221.162.0/24,2
103.72.147.0/24,5
64.227.68.0/24,3
1.214.255.0/24,2
203.192.232.0/24,2
207.154.241.0/24,1
46.101.251.0/24,3
45.132.19.0/24,2
58.233.189.0/24,1
209.38.123.0/24,1
159.203.7.0/24,2
154.125.153.0/24,2
161.35.172.0/24,2
185.225.202.0/24,2
138.204.127.0/24,2
183.220.227.0/24,1
74.48.131.0/24,1
157.66.26.0/24,2
14.29.170.0/24,2
42.200.66.0/24,3
172.208.48.0/24,2
104.248.198.0/24,5
111.161.98.0/24,1
190.153.249.0/24,2
103.173.154.0/24,2
180.76.250.0/24,3
43.159.35.0/24,2
183.167.214.0/24,2
177.11.196.0/24,4
88.142.46.0/24,2
42.51.41.0/24,2
167.99.241.0/24,1
115.159.29.0/24,2
107.173.248.0/24,2
51.178.49.0/24,1
152.200.205.0/24,3
81.30.162.0/24,2
172.83.83.0/24,2
112.217.188.0/24,2
204.168.200.0/24,3
27.119.7.0/24,2
202.51.94.0/24,1
188.166.19.0/24,1
153.126.180.0/24,2
186.233.118.0/24,2
172.203.149.0/24,2
211.37.179.0/24,2
203.199.243.0/24,1
172.190.24.0/24,2
123.209.75.0/24,2
160.251.101.0/24,2
102.218.89.0/24,2
113.31.103.0/24,2
103.243.26.0/24,4
5.223.67.0/24,1
35.200.237.0/24,3
158.69.207.0/24,1
150.138.114.0/24,2
106.53.161.0/24,1
122.35.192.0/24,2
64.227.65.0/24,1
45.40.57.0/24,4
159.65.149.0/24,2
64.227.2.0/24,3
154.90.59.0/24,2
209.97.161.0/24,2
151.19.193.0/24,1
58.229.141.0/24,2
101.89.148.0/24,3
70.65.44.0/24,2
134.199.160.0/24,6
46.37.66.0/24,2
119.153.100.0/24,2
128.14.225.0/24,3
101.237.36.0/24,2
103.123.53.0/24,2
87.106.163.0/24,2
203.205.37.0/24,2
14.29.214.0/24,3
198.199.72.0/24,2
138.121.105.0/24,1
67.81.35.0/24,2
124.222.51.0/24,1
200.91.236.0/24,2
185.230.219.0/24,2
103.131.85.0/24,7
103.146.159.0/24,3
156.245.239.0/24,2
138.197.166.0/24,2
159.65.198.0/24,1
154.124.55.0/24,1
185.233.3.0/24,2
160.251.233.0/24,2
103.229.125.0/24,3
156.238.246.0/24,1
165.22.198.0/24,2
140.246.108.0/24,2
166.1.60.0/24,2
125.124.183.0/24,2
122.166.167.0/24,2
64.227.72.0/24,2
49.200.178.0/24,1
68.183.68.0/24,1
222.208.64.0/24,2
138.75.69.0/24,2
43.245.249.0/24,2
151.19.210.0/24,1
103.98.176.0/24,3
221.161.235.0/24,2
159.223.211.0/24,1
170.233.151.0/24,2
103.217.145.0/24,5
81.9.131.0/24,1
187.107.88.0/24,2
152.32.253.0/24,2
113.172.100.0/24,1
201.184.50.0/24,2
165.22.84.0/24,3
43.165.3.0/24,2
101.36.113.0/24,2
138.68.174.0/24,1
159.65.125.0/24,3
43.243.142.0/24,2
182.73.44.0/24,1
152.32.239.0/24,3
58.186.20.0/24,4
80.158.109.0/24,2
66.96.237.0/24,1
82.165.216.0/24,1
213.14.32.0/24,2
4.213.160.0/24,2
200.77.172.0/24,2
67.205.179.0/24,1
116.140.210.0/24,2
103.210.21.0/24,8
147.182.240.0/24,1
39.129.90.0/24,2
45.92.70.0/24,1
178.62.255.0/24,2
58.234.252.0/24,1
45.33.76.0/24,4
194.163.154.0/24,2
103.199.19.0/24,2
40.81.244.0/24,2
162.158.78.0/24,2
118.219.234.0/24,2
115.211.100.0/24,1
36.64.162.0/24,2
125.88.225.0/24,2
42.112.42.0/24,2
138.197.153.0/24,2
139.59.137.0/24,1
157.15.73.0/24,1
190.60.242.0/24,1
62.171.137.0/24,3
209.38.87.0/24,4
89.152.179.0/24,1
130.61.34.0/24,2
101.47.51.0/24,1
14.55.144.0/24,2
198.98.62.0/24,4
5.182.83.0/24,2
45.43.55.0/24,2
92.205.56.0/24,2
59.98.148.0/24,2
139.59.157.0/24,2
145.220.72.0/24,3
189.178.17.0/24,1
109.73.196.0/24,2
209.38.24.0/24,5
20.105.65.0/24,2
39.101.142.0/24,1
118.196.30.0/24,2
217.60.39.0/24,2
170.64.188.0/24,7
36.104.145.0/24,2
197.156.233.0/24,1
211.46.188.0/24,2
207.102.232.0/24,2
185.245.182.0/24,2
138.197.132.0/24,3
209.38.253.0/24,1
51.158.120.0/24,3
14.195.83.0/24,2
116.233.56.0/24,2
41.33.91.0/24,2
206.189.132.0/24,1
162.243.220.0/24,2
206.189.115.0/24,2
43.164.77.0/24,2
43.138.207.0/24,2
155.248.164.0/24,2
81.192.46.0/24,9
119.96.173.0/24,2
52.169.217.0/24,2
27.112.79.0/24,7
188.166.111.0/24,1
115.190.14.0/24,3
164.92.111.0/24,1
155.103.71.0/24,2
165.154.229.0/24,2
85.173.245.0/24,2
43.153.102.0/24,3
222.73.48.0/24,1
142.93.139.0/24,2
171.241.44.0/24,1
34.128.77.0/24,2
140.245.85.0/24,1
43.227.185.0/24,2
165.227.98.0/24,2
157.245.107.0/24,2
58.98.197.0/24,2
50.225.176.0/24,2
134.122.77.0/24,2
165.22.118.0/24,2
41.73.0.0/24,2
170.64.161.0/24,5
172.70.49.0/24,1
24.236.74.0/24,1
147.45.50.0/24,4
187.94.255.0/24,2
192.3.130.0/24,2
35.225.56.0/24,2
57.151.89.0/24,2
185.242.234.0/24,2
189.90.33.0/24,3
222.86.201.0/24,2
128.201.9.0/24,2
181.104.58.0/24,2
72.240.125.0/24,2
144.31.232.0/24,2
125.21.59.0/24,2
157.230.129.0/24,3
125.16.27.0/24,3
14.103.200.0/24,1
172.64.213.0/24,2
45.78.207.0/24,2
139.99.133.0/24,2
209.97.168.0/24,2
46.101.27.0/24,2
129.213.122.0/24,2
125.17.108.0/24,2
119.96.191.0/24,1
43.164.135.0/24,2
103.49.239.0/24,8
187.174.238.0/24,2
92.205.57.0/24,2
189.183.7.0/24,2
219.153.74.0/24,1
150.95.157.0/24,2
202.51.214.0/24,4
201.208.209.0/24,2
45.61.184.0/24,4
50.6.227.0/24,2
122.168.194.0/24,2
95.164.47.0/24,2
222.222.168.0/24,3
46.24.47.0/24,2
103.154.62.0/24,3
128.1.132.0/24,4
157.245.79.0/24,2
162.240.54.0/24,1
190.147.181.0/24,1
188.166.0.0/24,1
24.139.85.0/24,1
103.190.214.0/24,2
170.64.178.0/24,3
116.34.14.0/24,2
134.199.155.0/24,10
103.183.62.0/24,6
103.148.100.0/24,2
117.57.205.0/24,2
61.0.228.0/24,2
212.154.234.0/24,2
186.248.195.0/24,2
157.230.60.0/24,2
152.32.209.0/24,3
178.62.110.0/24,1
222.167.161.0/24,2
209.38.80.0/24,6
178.62.217.0/24,1
134.122.52.0/24,3
46.188.119.0/24,3
50.148.155.0/24,2
14.103.113.0/24,4
139.59.36.0/24,2
78.134.49.0/24,2
124.109.2.0/24,2
159.203.18.0/24,2
188.128.75.0/24,2
31.59.89.0/24,2
212.33.235.0/24,2
165.232.65.0/24,2
203.0.113.0/24,2
35.237.94.0/24,2
45.78.202.0/24,2
187.212.40.0/24,2
187.63.239.0/24,3
144.79.133.0/24,2
43.160.246.0/24,2
138.124.158.0/24,2
172.237.46.0/24,3
217.154.38.0/24,2
79.143.187.0/24,1
43.154.195.0/24,2
64.227.37.0/24,2
103.20.122.0/24,2
172.191.239.0/24,2
222.239.254.0/24,1
87.251.78.0/24,3
209.97.166.0/24,2
68.183.89.0/24,2
162.241.87.0/24,2
172.71.194.0/24,1
61.1.180.0/24,1
69.6.251.0/24,1
58.20.236.0/24,2
43.245.143.0/24,4
158.69.194.0/24,4
101.126.4.0/24,4
142.93.235.0/24,2
45.118.106.0/24,4
4.240.82.0/24,2
202.125.94.0/24,2
207.154.230.0/24,3
177.85.247.0/24,2
159.203.62.0/24,2
87.106.65.0/24,2
193.111.234.0/24,1
121.78.158.0/24,3
194.190.153.0/24,2
209.14.88.0/24,2
60.199.224.0/24,3
178.49.109.0/24,2
152.231.58.0/24,1
171.244.38.0/24,2
190.129.122.0/24,5
173.185.74.0/24,2
152.32.175.0/24,2
159.223.37.0/24,2
125.23.207.0/24,1
188.166.25.0/24,1
58.213.107.0/24,2
103.80.87.0/24,2
172.71.146.0/24,1
103.55.216.0/24,3
212.8.39.0/24,2
161.35.159.0/24,2
188.166.76.0/24,1
106.75.29.0/24,3
20.2.4.0/24,1
101.47.156.0/24,5
65.21.149.0/24,1
45.120.216.0/24,2
66.154.125.0/24,2
15.235.210.0/24,1
106.75.8.0/24,2
177.0.167.0/24,1
14.34.157.0/24,3
103.145.63.0/24,2
128.199.139.0/24,1
164.90.202.0/24,2
41.59.229.0/24,2
66.116.205.0/24,2
23.94.213.0/24,2
79.174.63.0/24,1
89.231.40.0/24,2
61.28.144.0/24,2
58.225.220.0/24,2
43.252.231.0/24,2
137.131.20.0/24,2
134.209.110.0/24,2
154.82.111.0/24,3
36.95.194.0/24,6
211.252.85.0/24,2
144.217.13.0/24,2
103.117.56.0/24,3
177.229.197.0/24,2
167.99.97.0/24,1
102.210.148.0/24,2
139.59.171.0/24,1
106.75.222.0/24,3
74.48.15.0/24,2
159.89.153.0/24,1
91.107.163.0/24,3
165.154.147.0/24,3
120.62.8.0/24,3
68.183.206.0/24,1
58.42.8.0/24,2
157.10.161.0/24,3
160.187.147.0/24,2
43.246.139.0/24,1
52.177.169.0/24,2
68.218.153.0/24,1
109.205.56.0/24,2
80.13.82.0/24,2
34.67.115.0/24,2
209.38.252.0/24,2
206.189.229.0/24,2
41.128.181.0/24,3
179.48.54.0/24,2
139.186.169.0/24,1
120.48.44.0/24,3
83.150.21.0/24,2
115.190.72.0/24,3
61.222.211.0/24,2
45.249.245.0/24,5
164.92.223.0/24,2
78.128.112.0/24,5
120.92.124.0/24,1
143.110.242.0/24,6
146.190.243.0/24,1
103.63.108.0/24,2
186.122.177.0/24,2
154.202.119.0/24,2
186.30.115.0/24,2
46.101.46.0/24,2
200.11.141.0/24,2
172.173.200.0/24,2
79.116.201.0/24,2
104.128.141.0/24,1
182.52.109.0/24,2
213.171.8.0/24,1
67.205.176.0/24,2
115.190.165.0/24,3
137.184.122.0/24,1
157.245.96.0/24,2
142.93.226.0/24,2
42.81.4.0/24,2
41.216.177.0/24,2
132.145.254.0/24,2
154.57.216.0/24,2
197.221.232.0/24,2
91.217.139.0/24,1
49.204.74.0/24,2
138.68.140.0/24,1
23.91.96.0/24,2
38.7.24.0/24,1
45.79.8.0/24,2
161.35.205.0/24,2
103.84.236.0/24,3
206.189.29.0/24,1
167.99.127.0/24,1
170.64.140.0/24,2
81.211.72.0/24,2
101.206.107.0/24,2
46.101.139.0/24,2
105.247.69.0/24,2
147.182.236.0/24,1
43.100.43.0/24,1
116.140.211.0/24,2
186.39.15.0/24,1
68.183.224.0/24,2
182.93.50.0/24,3
14.47.56.0/24,2
201.71.192.0/24,2
164.92.79.0/24,1
103.117.57.0/24,2
143.110.179.0/24,4
89.126.211.0/24,2
117.6.44.0/24,2
182.48.80.0/24,2
135.235.138.0/24,2
192.34.59.0/24,1
157.245.101.0/24,1
143.244.164.0/24,2
185.130.45.0/24,1
172.68.15.0/24,2
78.138.168.0/24,2
4.17.226.0/24,2
161.35.17.0/24,2
20.193.171.0/24,2
46.99.130.0/24,1
199.231.163.0/24,2
59.15.99.0/24,2
129.226.4.0/24,2
175.107.32.0/24,2
138.204.152.0/24,1
91.231.23.0/24,2
172.68.183.0/24,1
144.31.220.0/24,3
51.15.144.0/24,1
87.106.4.0/24,2
81.71.45.0/24,1
138.128.240.0/24,2
220.247.224.0/24,2
167.71.218.0/24,1
159.65.26.0/24,3
180.76.115.0/24,2
170.64.208.0/24,1
177.129.147.0/24,1
45.222.48.0/24,2
194.246.100.0/24,1
41.90.100.0/24,2
211.192.105.0/24,1
90.165.117.0/24,1
172.69.58.0/24,1
206.189.131.0/24,2
43.155.21.0/24,2
120.48.123.0/24,2
61.228.243.0/24,1
64.236.145.0/24,1
217.154.233.0/24,2
211.219.22.0/24,2
172.211.56.0/24,2
103.136.68.0/24,1
69.5.0.0/24,2
101.100.194.0/24,4
112.118.57.0/24,2
173.212.238.0/24,2
106.12.74.0/24,2
209.74.85.0/24,2
128.199.82.0/24,2
167.172.49.0/24,1
38.12.30.0/24,1
125.227.156.0/24,2
124.225.122.0/24,1
64.227.180.0/24,1
168.138.213.0/24,2
159.203.29.0/24,2
114.117.179.0/24,1
95.239.158.0/24,1
74.208.97.0/24,2
217.253.115.0/24,1
198.98.55.0/24,3
103.218.243.0/24,3
1.15.33.0/24,1
118.193.37.0/24,2
159.223.94.0/24,3
134.209.147.0/24,1
207.180.229.0/24,2
210.183.21.0/24,3
102.219.126.0/24,2
4.211.84.0/24,2
183.82.126.0/24,2
211.95.159.0/24,2
188.2.32.0/24,1
176.191.43.0/24,1
115.21.72.0/24,2
83.171.89.0/24,2
196.218.222.0/24,2
116.196.76.0/24,2
104.248.209.0/24,1
187.141.71.0/24,2
45.165.14.0/24,2
36.95.221.0/24,1
103.7.118.0/24,2
157.230.84.0/24,1
23.227.147.0/24,2
201.16.238.0/24,2
104.23.209.0/24,1
114.130.85.0/24,2
165.245.142.0/24,2
170.64.218.0/24,1
157.230.27.0/24,1
104.248.86.0/24,3
170.64.131.0/24,4
95.71.127.0/24,2
189.190.166.0/24,2
158.174.102.0/24,1
103.107.60.0/24,2
114.34.130.0/24,1
103.200.22.0/24,2
197.225.146.0/24,2
103.82.27.0/24,3
172.71.195.0/24,1
46.253.45.0/24,3
156.253.5.0/24,3
14.29.190.0/24,1
34.142.110.0/24,2
89.218.69.0/24,2
115.190.160.0/24,2
143.244.179.0/24,2
114.216.2.0/24,2
112.221.175.0/24,2
165.232.106.0/24,1
221.156.126.0/24,2
165.227.162.0/24,3
137.184.75.0/24,2
87.251.16.0/24,1
154.144.225.0/24,2
186.216.246.0/24,2
50.35.168.0/24,2
107.155.48.0/24,3
209.38.71.0/24,2
67.71.54.0/24,2
178.128.172.0/24,2
187.251.132.0/24,2
161.35.52.0/24,1
59.36.134.0/24,1
104.200.207.0/24,1
36.255.223.0/24,4
188.166.116.0/24,1
159.65.91.0/24,1
161.35.79.0/24,1
45.172.153.0/24,2
65.0.12.0/24,1
154.82.113.0/24,2
130.255.132.0/24,2
179.125.24.0/24,2
216.57.110.0/24,2
27.254.152.0/24,1
180.93.172.0/24,2
106.38.195.0/24,2
170.254.80.0/24,1
159.65.21.0/24,1
104.23.211.0/24,4
211.20.14.0/24,2
174.138.90.0/24,1
101.89.161.0/24,1
101.47.13.0/24,2
74.243.239.0/24,2
136.232.11.0/24,3
59.36.165.0/24,1
107.152.39.0/24,2
185.158.22.0/24,2
147.182.183.0/24,2
119.166.199.0/24,1
64.23.229.0/24,1
134.209.189.0/24,2
139.59.81.0/24,2
115.190.50.0/24,3
159.203.40.0/24,2
95.85.245.0/24,3
34.135.200.0/24,2
51.68.226.0/24,3
116.203.128.0/24,1
180.76.236.0/24,2
64.227.159.0/24,2
142.93.168.0/24,3
186.39.55.0/24,1
165.22.211.0/24,2
61.161.62.0/24,1
125.247.116.0/24,2
154.18.197.0/24,2
64.225.1.0/24,1
39.123.249.0/24,2
104.199.176.0/24,2
104.248.249.0/24,1
36.111.148.0/24,2
188.208.141.0/24,2
143.198.20.0/24,3
186.209.52.0/24,2
101.32.145.0/24,1
23.111.75.0/24,3
76.164.199.0/24,2
120.48.0.0/24,2
157.230.142.0/24,1
103.213.238.0/24,2
162.243.52.0/24,1
95.58.255.0/24,2
101.32.128.0/24,2
31.220.72.0/24,1
42.96.20.0/24,2
81.192.138.0/24,2
188.166.166.0/24,3
206.189.140.0/24,1
213.6.203.0/24,2
103.175.225.0/24,3
144.31.152.0/24,2
178.140.2.0/24,1
151.60.229.0/24,1
103.189.208.0/24,2
103.153.110.0/24,2
45.92.11.0/24,1
128.241.254.0/24,1
86.160.124.0/24,1
64.227.70.0/24,2
222.124.177.0/24,2
182.43.164.0/24,2
172.173.117.0/24,2
185.68.184.0/24,1
120.48.45.0/24,3
209.97.169.0/24,1
45.249.246.0/24,6
64.227.73.0/24,1
178.128.205.0/24,2
211.254.212.0/24,2
143.202.209.0/24,1
85.240.193.0/24,2
51.75.194.0/24,4
36.92.6.0/24,2
80.87.83.0/24,2
182.42.93.0/24,2
59.6.41.0/24,2
69.165.72.0/24,1
197.227.8.0/24,2
200.24.69.0/24,2
209.38.111.0/24,1
35.231.14.0/24,1
118.179.102.0/24,1
168.138.42.0/24,1
159.89.2.0/24,2
101.126.141.0/24,3
137.184.53.0/24,2
68.183.36.0/24,3
20.255.61.0/24,3
144.31.230.0/24,2
103.199.203.0/24,2
117.133.182.0/24,2
209.38.99.0/24,1
157.66.191.0/24,1
134.199.194.0/24,2
14.103.64.0/24,3
178.128.223.0/24,1
68.183.88.0/24,2
104.248.175.0/24,1
176.53.96.0/24,4
203.186.60.0/24,2
110.41.41.0/24,1
116.63.205.0/24,2
34.69.0.0/24,2
87.249.168.0/24,1
103.30.41.0/24,2
170.64.167.0/24,2
134.209.206.0/24,1
177.10.201.0/24,4
165.245.185.0/24,1
115.191.65.0/24,2
37.59.110.0/24,2
138.124.10.0/24,1
207.154.250.0/24,3
114.207.246.0/24,2
178.128.165.0/24,2
61.220.235.0/24,3
167.71.245.0/24,1
5.78.178.0/24,2
114.8.146.0/24,2
59.98.83.0/24,2
104.23.187.0/24,2
165.22.232.0/24,1
104.248.196.0/24,1
217.160.7.0/24,1
154.125.147.0/24,2
4.210.186.0/24,2
103.56.30.0/24,2
20.173.116.0/24,2
78.100.64.0/24,2
161.35.135.0/24,1
146.190.166.0/24,2
42.200.78.0/24,3
196.188.63.0/24,3
164.90.200.0/24,1
85.206.171.0/24,2
104.23.190.0/24,1
167.99.247.0/24,1
89.116.31.0/24,3
178.160.229.0/24,2
79.137.76.0/24,1
178.27.90.0/24,1
202.218.224.0/24,1
206.189.205.0/24,3
103.78.1.0/24,2
134.209.88.0/24,1
2.59.183.0/24,2
157.230.186.0/24,1
91.237.163.0/24,2
64.188.83.0/24,2
42.96.16.0/24,3
59.36.72.0/24,1
131.186.50.0/24,2
220.205.123.0/24,4
187.154.126.0/24,2
206.189.182.0/24,1
143.198.206.0/24,1
95.165.8.0/24,2
200.155.66.0/24,2
182.18.161.0/24,2
190.181.44.0/24,1
191.6.25.0/24,2
142.93.214.0/24,1
189.217.130.0/24,2
139.170.141.0/24,3
34.92.247.0/24,1
154.198.162.0/24,2
158.180.72.0/24,1
146.190.124.0/24,1
43.167.212.0/24,2
103.153.254.0/24,2
134.209.203.0/24,1
52.224.109.0/24,2
43.133.203.0/24,1
188.254.76.0/24,2
175.144.16.0/24,2
45.79.158.0/24,6
43.242.203.0/24,2
180.103.119.0/24,2
104.236.13.0/24,1
34.131.211.0/24,2
20.235.44.0/24,1
20.203.42.0/24,2
164.90.177.0/24,3
192.168.1.0/24,2
163.7.4.0/24,2
159.89.49.0/24,3
167.71.3.0/24,1
134.122.140.0/24,2
103.233.206.0/24,2
142.93.9.0/24,1
188.228.212.0/24,1
193.123.245.0/24,2
36.64.68.0/24,2
207.154.232.0/24,2
111.59.125.0/24,2
181.123.136.0/24,2
221.132.21.0/24,2
152.42.215.0/24,1
139.59.108.0/24,1
36.255.3.0/24,2
185.194.199.0/24,2
68.183.85.0/24,3
51.163.39.0/24,2
151.80.61.0/24,2
91.134.138.0/24,2
64.188.105.0/24,1
161.132.180.0/24,2
111.20.145.0/24,2
195.250.72.0/24,2
168.75.78.0/24,1
209.97.191.0/24,3
110.14.190.0/24,2
142.93.98.0/24,2
164.152.250.0/24,2
211.228.218.0/24,2
206.189.103.0/24,1
122.165.124.0/24,2
41.191.229.0/24,2
95.24.24.0/24,1
91.205.128.0/24,2
72.17.34.0/24,2
165.232.101.0/24,1
218.78.132.0/24,2
103.48.192.0/24,2
83.118.24.0/24,2
41.220.144.0/24,2
128.1.44.0/24,3
103.97.135.0/24,2
116.109.110.0/24,2
75.119.128.0/24,3
61.23.36.0/24,2
111.53.147.0/24,2
209.38.44.0/24,1
36.255.98.0/24,1
124.243.170.0/24,1
106.13.109.0/24,2
170.238.160.0/24,2
79.104.0.0/24,2
41.242.115.0/24,3
86.102.131.0/24,2
187.212.42.0/24,2
149.56.102.0/24,2
18.218.118.0/24,2
103.161.16.0/24,2
103.115.108.0/24,1
165.227.231.0/24,2
172.182.225.0/24,1
74.50.85.0/24,1
182.140.180.0/24,2
170.64.184.0/24,2
46.101.74.0/24,3
123.59.232.0/24,2
60.243.29.0/24,1
45.195.221.0/24,2
45.246.70.0/24,1
172.191.157.0/24,2
202.161.191.0/24,2
103.100.69.0/24,2
209.38.220.0/24,1
103.182.132.0/24,2
106.12.6.0/24,2
138.68.137.0/24,2
152.32.172.0/24,3
46.101.99.0/24,1
223.221.36.0/24,2
39.115.183.0/24,2
134.209.145.0/24,2
180.100.198.0/24,1
68.183.1.0/24,2
165.245.167.0/24,1
165.22.106.0/24,2
52.224.240.0/24,2
188.132.197.0/24,2
45.140.147.0/24,3
139.59.23.0/24,2
151.80.141.0/24,2
201.76.120.0/24,2
131.143.242.0/24,1
177.92.162.0/24,1
200.141.46.0/24,2
64.227.188.0/24,1
203.15.2.0/24,1
171.237.176.0/24,2
93.71.118.0/24,2
177.53.215.0/24,2
129.226.203.0/24,1
212.64.0.0/24,1
165.22.10.0/24,1
206.189.58.0/24,3
144.126.234.0/24,1
45.151.91.0/24,1
172.68.245.0/24,1
119.205.179.0/24,2
144.126.215.0/24,2
72.144.12.0/24,2
172.93.120.0/24,1
107.175.77.0/24,1
155.94.175.0/24,2
59.126.224.0/24,1
149.13.56.0/24,2
165.232.133.0/24,1
34.85.163.0/24,2
206.189.130.0/24,1
170.64.159.0/24,5
4.212.243.0/24,1
165.22.58.0/24,1
162.243.74.0/24,1
103.155.57.0/24,2
108.174.57.0/24,1
167.172.22.0/24,1
98.70.48.0/24,2
103.248.120.0/24,1
14.161.22.0/24,1
181.167.144.0/24,2
156.227.237.0/24,2
13.71.92.0/24,2
222.186.26.0/24,2
150.95.30.0/24,2
119.209.12.0/24,2
34.131.63.0/24,2
195.199.210.0/24,2
121.128.199.0/24,2
87.106.44.0/24,2
58.210.98.0/24,2
20.153.204.0/24,2
172.233.54.0/24,1
165.22.115.0/24,1
178.128.215.0/24,2
43.134.187.0/24,2
138.197.133.0/24,1
83.243.86.0/24,1
124.163.255.0/24,2
172.70.34.0/24,1
46.250.226.0/24,1
103.91.246.0/24,2
185.39.204.0/24,2
20.24.100.0/24,2
217.209.13.0/24,2
125.120.105.0/24,1
61.231.205.0/24,1
119.92.70.0/24,2
206.189.41.0/24,1
165.232.115.0/24,1
202.10.47.0/24,1
85.105.140.0/24,2
159.65.124.0/24,2
138.99.80.0/24,2
161.35.84.0/24,1
147.182.244.0/24,1
165.232.95.0/24,1
142.171.168.0/24,2
186.10.86.0/24,2
222.98.122.0/24,2
139.59.80.0/24,2
88.18.209.0/24,2
20.102.41.0/24,1
157.230.26.0/24,2
139.59.190.0/24,2
167.172.134.0/24,1
143.202.131.0/24,1
178.62.246.0/24,1
107.170.27.0/24,1
178.128.35.0/24,1
129.212.186.0/24,1
188.166.62.0/24,2
45.119.212.0/24,2
189.147.174.0/24,1
86.110.51.0/24,2
164.90.157.0/24,2
157.245.254.0/24,1
45.15.224.0/24,2
140.249.49.0/24,2
64.225.64.0/24,1
89.39.121.0/24,2
170.64.148.0/24,1
202.165.15.0/24,5
23.227.173.0/24,1
160.187.240.0/24,2
143.110.248.0/24,3
20.97.204.0/24,1
94.180.223.0/24,1
181.204.16.0/24,1
188.166.184.0/24,1
164.92.139.0/24,2
27.128.175.0/24,2
14.63.217.0/24,2
218.0.56.0/24,2
143.110.149.0/24,1
183.214.57.0/24,2
94.159.100.0/24,1
134.209.97.0/24,3
159.65.173.0/24,1
23.91.97.0/24,4
165.227.119.0/24,2
179.57.170.0/24,2
103.163.215.0/24,4
178.128.92.0/24,3
157.119.200.0/24,1
118.112.69.0/24,2
139.59.34.0/24,1
46.32.174.0/24,1
178.62.82.0/24,1
43.159.177.0/24,2
162.243.225.0/24,1
35.210.61.0/24,2
41.153.30.0/24,1
159.65.63.0/24,1
204.48.19.0/24,2
103.163.167.0/24,1
154.222.24.0/24,3
157.66.34.0/24,2
40.83.182.0/24,2
132.248.170.0/24,1
143.198.161.0/24,2
38.19.156.0/24,2
143.244.190.0/24,1
186.80.18.0/24,2
82.66.91.0/24,2
139.59.11.0/24,2
175.6.183.0/24,1
45.175.37.0/24,3
129.153.121.0/24,2
103.13.211.0/24,1
122.53.133.0/24,2
120.46.70.0/24,1
46.101.203.0/24,1
31.186.218.0/24,1
125.166.18.0/24,1
144.126.205.0/24,1
69.149.23.0/24,2
143.110.184.0/24,2
20.193.141.0/24,2
159.203.1.0/24,1
165.227.199.0/24,1
46.182.80.0/24,1
165.232.93.0/24,1
45.196.236.0/24,2
92.27.157.0/24,2
158.160.178.0/24,1
67.205.178.0/24,2
43.133.148.0/24,2
175.198.28.0/24,2
138.197.188.0/24,2
24.199.113.0/24,1
172.233.60.0/24,1
121.204.251.0/24,2
223.197.186.0/24,2
138.68.130.0/24,1
172.203.134.0/24,2
50.104.70.0/24,1
102.208.186.0/24,2
139.59.16.0/24,1
190.19.5.0/24,1
167.99.252.0/24,1
45.194.91.0/24,1
117.50.173.0/24,1
45.169.200.0/24,2
70.114.116.0/24,2
20.244.18.0/24,2
156.225.18.0/24,2
45.78.206.0/24,2
154.124.188.0/24,2
189.90.36.0/24,1
83.224.138.0/24,1
146.190.246.0/24,1
222.107.156.0/24,2
217.154.106.0/24,2
116.176.62.0/24,3
178.62.240.0/24,2
64.227.169.0/24,1
104.253.74.0/24,1
218.245.99.0/24,1
31.59.102.0/24,1
172.210.249.0/24,2
45.13.227.0/24,1
186.19.138.0/24,1
142.93.216.0/24,1
178.62.4.0/24,1
185.193.240.0/24,2
72.56.67.0/24,1
67.205.131.0/24,1
152.42.249.0/24,1
165.232.182.0/24,3
209.9.199.0/24,1
143.110.180.0/24,1
209.74.71.0/24,2
66.154.124.0/24,2
137.184.85.0/24,1
138.255.215.0/24,1
94.16.120.0/24,1
45.134.9.0/24,2
180.102.22.0/24,2
122.177.245.0/24,1
118.145.243.0/24,1
200.46.125.0/24,2
170.106.154.0/24,1
34.93.128.0/24,2
162.243.6.0/24,1
31.141.204.0/24,1
104.23.223.0/24,2
209.38.239.0/24,1
70.54.182.0/24,2
62.224.216.0/24,1
20.88.55.0/24,1
40.127.140.0/24,1
138.197.107.0/24,2
101.126.85.0/24,2
117.72.57.0/24,1
68.183.16.0/24,2
103.78.2.0/24,1
1.214.117.0/24,2
180.75.123.0/24,2
159.198.43.0/24,1
113.88.240.0/24,1
152.32.174.0/24,3
63.116.23.0/24,1
118.194.230.0/24,1
179.0.232.0/24,1
183.162.210.0/24,2
103.194.243.0/24,2
83.168.90.0/24,1
213.67.210.0/24,2
51.178.141.0/24,1
189.194.140.0/24,2
190.173.120.0/24,1
122.166.49.0/24,2
196.28.242.0/24,2
68.183.194.0/24,2
159.146.11.0/24,2
167.71.128.0/24,1
172.104.39.0/24,2
188.166.218.0/24,1
188.166.80.0/24,1
189.169.25.0/24,1
157.245.91.0/24,1
162.19.243.0/24,2
64.227.183.0/24,1
161.49.89.0/24,2
172.86.66.0/24,1
123.156.230.0/24,2
80.91.65.0/24,1
89.169.55.0/24,1
46.191.141.0/24,1
103.158.40.0/24,2
160.187.54.0/24,1
117.62.203.0/24,2
64.227.77.0/24,1
41.214.124.0/24,2
143.110.208.0/24,2
160.174.129.0/24,3
124.225.20.0/24,1
162.240.169.0/24,2
101.36.112.0/24,3
159.65.54.0/24,1
156.238.236.0/24,2
186.248.197.0/24,2
197.243.0.0/24,2
201.42.31.0/24,1
98.26.115.0/24,2
117.216.106.0/24,1
159.65.112.0/24,1
167.86.87.0/24,1
14.29.245.0/24,2
156.232.13.0/24,2
73.0.136.0/24,1
159.65.53.0/24,2
81.30.212.0/24,2
198.244.233.0/24,1
64.23.174.0/24,1
14.103.243.0/24,2
27.110.166.0/24,2
43.112.118.0/24,1
166.108.228.0/24,1
165.227.152.0/24,2
167.99.71.0/24,1
103.172.113.0/24,1
167.172.25.0/24,1
106.58.173.0/24,2
115.190.86.0/24,1
46.225.94.0/24,2
45.55.52.0/24,1
213.135.168.0/24,1
172.200.228.0/24,2
87.26.92.0/24,1
180.76.225.0/24,3
104.248.232.0/24,2
31.57.63.0/24,2
180.76.233.0/24,2
157.230.242.0/24,1
104.248.159.0/24,1
138.68.90.0/24,1
77.37.146.0/24,2
46.101.149.0/24,1
143.110.137.0/24,1
124.225.66.0/24,2
101.32.240.0/24,2
95.63.176.0/24,1
46.101.158.0/24,1
168.144.29.0/24,1
78.187.21.0/24,2
54.38.52.0/24,2
218.201.250.0/24,2
165.162.57.0/24,1
220.149.212.0/24,2
110.238.119.0/24,1
174.178.115.0/24,1
159.65.39.0/24,2
104.248.206.0/24,1
46.101.85.0/24,1
165.232.92.0/24,3
200.225.246.0/24,1
201.217.12.0/24,2
209.38.104.0/24,1
173.249.50.0/24,2
139.198.15.0/24,1
164.92.198.0/24,1
102.211.152.0/24,2
200.118.150.0/24,2
64.227.168.0/24,1
116.206.198.0/24,1
20.169.80.0/24,2
182.184.118.0/24,1
167.172.120.0/24,1
51.75.141.0/24,2
57.128.218.0/24,1
120.196.66.0/24,2
160.251.209.0/24,1
137.74.46.0/24,1
43.252.228.0/24,2
216.167.23.0/24,1
34.81.72.0/24,2
103.118.82.0/24,1
5.78.183.0/24,1
120.48.102.0/24,2
167.71.24.0/24,1
43.163.113.0/24,1
170.64.142.0/24,1
89.117.1.0/24,1
185.86.76.0/24,1
179.32.215.0/24,1
192.241.156.0/24,1
103.243.24.0/24,2
36.93.249.0/24,2
109.254.249.0/24,1
45.61.52.0/24,3
85.18.236.0/24,2
101.126.67.0/24,3
106.13.39.0/24,2
180.76.194.0/24,1
117.50.120.0/24,2
190.181.25.0/24,2
204.48.20.0/24,1
83.147.29.0/24,1
101.35.123.0/24,1
178.62.66.0/24,1
114.222.4.0/24,1
104.248.84.0/24,1
115.71.236.0/24,2
129.205.2.0/24,2
159.65.61.0/24,1
152.42.181.0/24,2
103.226.138.0/24,2
43.155.180.0/24,1
134.122.39.0/24,1
107.161.89.0/24,1
159.223.57.0/24,2
59.178.101.0/24,1
116.110.30.0/24,1
164.90.205.0/24,1
104.248.170.0/24,3
119.96.174.0/24,2
35.182.228.0/24,1
190.92.239.0/24,1
36.91.81.0/24,1
167.99.83.0/24,1
192.241.174.0/24,1
138.68.146.0/24,1
143.198.147.0/24,1
143.110.222.0/24,1
103.138.237.0/24,2
192.99.145.0/24,1
14.103.183.0/24,1
49.205.150.0/24,1
43.134.124.0/24,1
190.92.200.0/24,1
194.58.33.0/24,1
172.69.70.0/24,1
89.167.109.0/24,1
119.45.22.0/24,1
45.7.241.0/24,1
138.68.159.0/24,1
149.54.30.0/24,1
159.89.198.0/24,1
101.44.201.0/24,1
167.99.197.0/24,1
43.164.128.0/24,1
51.178.114.0/24,2
114.117.234.0/24,1
206.189.149.0/24,1
188.166.78.0/24,1
5.78.147.0/24,1
51.38.98.0/24,1
159.89.7.0/24,2
46.147.113.0/24,1
182.95.32.0/24,1
119.13.104.0/24,1
170.64.145.0/24,1
201.249.205.0/24,2
179.43.97.0/24,1
137.184.151.0/24,1
139.59.22.0/24,1
119.147.37.0/24,1
81.177.140.0/24,1
190.16.194.0/24,1
188.225.82.0/24,1
220.202.11.0/24,1
45.55.63.0/24,1
138.68.151.0/24,1
46.101.78.0/24,1
87.106.213.0/24,1
207.154.222.0/24,1
164.92.66.0/24,1
51.15.4.0/24,2
188.166.157.0/24,1
95.24.33.0/24,1
51.183.250.0/24,2
101.89.146.0/24,1
167.71.225.0/24,1
101.47.135.0/24,2
144.217.161.0/24,1
65.108.81.0/24,1
68.183.74.0/24,1
181.230.25.0/24,1
188.166.100.0/24,1
95.240.192.0/24,2
116.110.155.0/24,1
197.248.34.0/24,2
159.89.165.0/24,1
192.241.133.0/24,1
186.103.169.0/24,1
91.107.150.0/24,1
23.95.252.0/24,1
221.163.5.0/24,2
14.29.223.0/24,1
45.156.22.0/24,2
196.188.93.0/24,2
20.12.186.0/24,1
143.110.156.0/24,1
57.128.201.0/24,1
154.221.19.0/24,1
198.199.88.0/24,1
134.209.71.0/24,1
202.46.150.0/24,1
222.99.15.0/24,1
165.227.239.0/24,1
157.230.22.0/24,1
179.40.112.0/24,1
46.101.185.0/24,1
83.254.216.0/24,1
79.36.240.0/24,1
2.83.85.0/24,1
162.19.250.0/24,1
119.198.229.0/24,1
195.54.178.0/24,1
82.29.128.0/24,1
178.62.21.0/24,1
117.247.23.0/24,2
122.160.30.0/24,1
209.38.255.0/24,1
78.134.102.0/24,1
46.101.97.0/24,1
94.180.238.0/24,2
42.117.118.0/24,1
188.166.148.0/24,1
162.243.15.0/24,1
