IP,Total Attacks,Risk Score,Method,Last Seen,ISP (Estimated)
186.233.118.22,133,50,Command Injection,2026-04-16 00:42:59,Golden Link (AS266181)
191.101.59.100,5,31,Unknown,2026-04-19 17:09:01,V tal? (AS7738)
187.107.88.97,4,45,SSH Brute Force,2026-04-19 17:09:01,V tal (AS7738)
189.206.155.253,80,45,Command Injection,2026-04-16 00:42:32,Alestra (Mexico)
203.145.34.240,1,45,From IPSet,2026-04-19 17:09:01,Brazil
203.205.37.233,1,45,From IPSet,2026-04-19 17:09:01,Brazil
203.150.107.244,1,45,From IPSet,2026-04-19 17:09:01,Brazil
203.199.243.13,1,45,From IPSet,2026-04-19 17:09:01,Brazil
203.145.34.165,1,45,From IPSet,2026-04-19 17:09:01,Brazil
203.145.143.163,1,45,From IPSet,2026-04-19 17:09:01,Brazil
203.145.34.82,1,45,From IPSet,2026-04-19 17:09:01,Brazil
203.121.40.210,1,45,From IPSet,2026-04-19 17:09:01,Brazil
203.186.60.250,1,45,From IPSet,2026-04-19 17:09:01,Brazil
203.228.30.198,1,45,From IPSet,2026-04-19 17:09:01,Brazil
203.6.235.51,1,45,From IPSet,2026-04-19 17:09:01,Brazil
203.23.199.89,1,45,From IPSet,2026-04-19 17:09:01,Brazil
203.116.129.55,1,45,From IPSet,2026-04-19 17:09:01,Brazil
203.145.34.182,1,45,From IPSet,2026-04-19 17:09:01,Brazil
203.221.12.133,1,45,From IPSet,2026-04-19 17:09:01,Brazil
203.170.129.85,1,45,From IPSet,2026-04-19 17:09:01,Brazil
203.2.164.205,1,45,From IPSet,2026-04-19 17:09:01,Brazil
203.145.34.37,1,45,From IPSet,2026-04-19 17:09:01,Brazil
203.15.2.16,1,45,From IPSet,2026-04-19 17:09:01,Brazil
203.192.232.180,1,45,From IPSet,2026-04-19 17:09:01,Brazil
